User_ID,Age,Gender,Platform,Daily_Usage_Time (minutes),Late_Night_Usage,Posts_Per_Day,Likes_Received_Per_Day,Comments_Received_Per_Day,Messages_Sent_Per_Day,Notifications_per_Day,Dominant_Emotion
1,25,Female,Instagram,120,35,3,45,10,12,40,Happiness
2,30,,Twitter,90,70,5,20,25,30,239,Anger
3,22,Non-binary,Facebook,60,30,2,15,5,,110,Neutral
4,28,,Instagram,200,100,8,100,30,50,248,Anxiety
5,33,Male,LinkedIn,45,40,1,5,2,,47,Boredom
6,21,Male,Instagram,150,120,4,60,15,25,98,Happiness
7,27,Female,Twitter,85,55,3,30,10,18,192,Anger
8,24,Non-binary,Facebook,110,110,6,25,12,22,73,Sadness
9,,Female,LinkedIn,55,45,2,10,3,8,240,Neutral
10,31,Male,Instagram,170,75,5,80,20,35,43,Happiness
11,23,Female,Twitter,75,70,4,35,7,20,60,Anxiety
12,26,Non-binary,Facebook,95,10,3,20,,18,59,Sadness
13,34,Male,LinkedIn,65,45,1,12,4,15,115,Boredom
14,22,Female,Instagram,180,55,7,90,25,40,208,Happiness
15,,Male,Twitter,100,95,6,40,23,28,235,Anger
16,21,,Facebook,40,30,1,5,2,10,208,Neutral
17,35,,Instagram,180,170,,55,18,30,67,Anxiety
18,27,Male,Twitter,90,50,3,,15,25,177,Sadness
19,,Non-binary,LinkedIn,50,30,1,8,,12,108,Neutral
20,32,Female,Instagram,140,108,5,70,22,33,249,Happiness
21,26,Male,Facebook,75,0,2,25,10,18,142,Anxiety
22,24,Female,Twitter,105,40,4,28,14,20,131,Anger
23,29,Male,LinkedIn,60,25,2,,5,,91,Boredom
24,33,,Instagram,190,151,8,95,26,45,149,Happiness
25,22,Female,Twitter,70,25,3,20,12,15,248,Sadness
26,31,Male,Facebook,,82,,18,8,21,86,Neutral
27,27,Non-binary,LinkedIn,55,45,1,9,2,11,173,Anxiety
28,25,Female,Instagram,160,148,6,85,,32,96,Happiness
29,30,Male,Twitter,90,55,4,38,17,24,248,Anger
30,26,Non-binary,Facebook,45,90,1,6,3,10,193,Sadness
31,34,Female,LinkedIn,65,45,2,,4,14,245,Boredom
32,28,Male,Instagram,145,24,5,75,20,35,28,Happiness
33,23,Non-binary,Twitter,70,20,3,27,11,18,116,Neutral
34,21,Female,Instagram,130,0,6,88,15,30,167,Sadness
35,29,Male,Facebook,65,55,2,22,8,20,182,Anxiety
36,24,Non-binary,LinkedIn,55,40,1,10,5,11,185,Boredom
37,33,Female,Instagram,170,136,7,90,25,40,24,Happiness
38,27,Male,Twitter,85,35,4,35,15,20,235,Anger
39,22,Female,Instagram,115,45,3,55,12,25,56,Neutral
40,28,Non-binary,Facebook,,74,2,18,10,22,22,Anxiety
41,31,Male,LinkedIn,45,20,1,6,2,,238,Sadness
42,25,Female,Instagram,150,22,6,80,18,30,107,Happiness
43,29,Male,Twitter,95,45,4,,20,22,194,Anger
44,23,Non-binary,Facebook,,82,2,20,8,,243,Neutral
45,35,Female,LinkedIn,60,54,1,12,5,,195,Boredom
46,30,Male,Instagram,175,55,7,85,23,38,43,Happiness
47,21,Female,Twitter,90,87,3,,12,20,104,Sadness
48,26,Non-binary,Facebook,75,69,2,28,,18,195,Anxiety
49,32,Male,Instagram,,214,5,70,,31,168,Neutral
50,28,Female,LinkedIn,55,51,1,8,4,10,178,Boredom
51,27,Male,,165,92,6,78,22,27,64,Happiness
52,24,Female,Twitter,75,45,3,29,15,,20,Anger
53,29,Non-binary,Facebook,85,45,2,25,7,20,17,Neutral
54,33,,,145,93,4,60,18,35,247,Sadness
55,31,Male,LinkedIn,60,30,1,10,3,17,74,Anxiety
56,22,Female,Whatsapp,70,58,2,40,8,21,199,Anxiety
57,25,Male,Telegram,90,43,3,20,10,22,181,Boredom
58,29,Non-binary,Snapchat,50,10,2,15,5,18,241,Sadness
59,28,Female,Twitter,95,60,4,45,20,25,247,Happiness
60,27,Male,Facebook,,143,1,10,4,15,106,Boredom
61,30,Female,Instagram,175,61,6,70,23,33,78,Happiness
62,23,Male,,70,60,3,20,8,18,11,Anger
63,34,Non-binary,Telegram,80,73,2,18,7,,145,Neutral
64,26,Female,,120,65,4,50,15,30,167,Anxiety
65,25,Male,Twitter,90,12,6,40,12,26,170,Sadness
66,29,Non-binary,Facebook,60,25,1,8,2,12,122,Boredom
67,28,Male,Instagram,165,114,5,75,18,35,100,Happiness
68,31,Female,Whatsapp,65,52,2,25,8,20,170,Neutral
69,27,Male,Telegram,105,50,3,45,15,28,12,Anxiety
70,22,Non-binary,Snapchat,75,66,2,18,6,20,55,Sadness
71,24,Female,,140,79,4,,18,30,34,Happiness
72,35,Male,Twitter,70,35,,12,7,10,31,Boredom
73,21,Non-binary,Facebook,,141,3,15,5,12,136,Neutral
74,29,Female,Whatsapp,90,50,2,20,9,22,166,Anger
75,25,Male,Telegram,80,60,4,28,11,25,61,Neutral
76,28,Non-binary,,115,77,,36,12,27,204,Anxiety
77,32,Female,Instagram,155,63,6,72,20,38,103,Happiness
78,26,Male,Twitter,75,30,2,22,10,18,65,Sadness
79,33,Non-binary,Facebook,65,40,1,,5,14,121,Anxiety
80,27,Female,Whatsapp,90,50,4,35,14,20,138,Neutral
81,31,Male,Telegram,50,30,2,18,6,12,214,Sadness
82,24,Non-binary,Snapchat,85,134,3,30,13,18,155,Happiness
83,34,Female,Instagram,120,40,5,55,19,25,234,Anger
84,22,Male,Twitter,70,45,1,20,5,22,13,Neutral
85,29,Non-binary,Facebook,75,55,,,8,20,170,Boredom
86,,Female,Whatsapp,,75,4,,12,26,174,Anxiety
87,31,Male,Telegram,85,36,3,40,15,28,226,Sadness
88,21,,Snapchat,60,25,1,15,5,12,145,Neutral
89,25,Female,Instagram,170,113,6,78,22,33,108,Happiness
90,30,Male,Twitter,,86,2,28,10,20,163,Anxiety
91,27,Non-binary,,50,15,1,8,2,10,14,Boredom
92,32,Female,Whatsapp,105,98,4,50,18,25,234,Anger
93,24,Male,Telegram,75,60,3,33,13,22,87,Neutral
94,29,Female,Snapchat,95,82,2,20,7,28,132,Sadness
95,26,Male,Instagram,150,125,5,65,20,30,72,Anxiety
96,33,Non-binary,Twitter,85,24,4,30,13,18,165,Boredom
97,22,Female,Facebook,70,50,1,12,5,10,33,Neutral
98,35,Male,Whatsapp,110,27,3,45,20,25,45,Happiness
99,28,Non-binary,Telegram,60,30,2,15,6,18,155,Anger
100,27,Female,Snapchat,120,136,4,38,,,98,Neutral
101,,Female,Instagram,120,62,5,50,20,,106,Happiness
102,30,Male,Twitter,90,30,4,30,20,22,155,Anger
103,22,Non-binary,Facebook,60,40,2,20,10,15,35,Neutral
104,28,Female,Instagram,200,15,8,110,40,45,38,Anxiety
105,33,Male,LinkedIn,45,25,1,10,5,12,247,Boredom
106,21,Male,Instagram,150,109,5,65,25,30,225,Happiness
107,,Female,Twitter,85,77,3,40,18,20,29,Anger
108,24,Non-binary,Facebook,110,40,6,35,16,25,102,Sadness
109,,Female,LinkedIn,55,30,2,15,5,10,25,Neutral
110,31,Male,Instagram,170,55,7,90,35,40,118,Happiness
111,23,,Twitter,75,60,4,45,20,25,249,Anxiety
112,,Non-binary,Facebook,95,0,3,30,14,18,27,Sadness
113,34,Male,LinkedIn,65,30,1,14,6,15,112,Boredom
114,22,Female,Instagram,180,0,8,100,38,45,167,Happiness
115,28,Male,Twitter,,55,,50,,29,244,Anger
116,21,Non-binary,Facebook,40,25,1,10,4,12,45,Neutral
117,,Female,Instagram,125,44,5,65,22,28,44,Anxiety
118,27,Male,Twitter,90,56,3,40,,24,183,Sadness
119,23,Non-binary,LinkedIn,50,25,1,12,6,12,24,Neutral
120,32,Female,Instagram,140,133,6,75,,30,180,Happiness
121,26,Male,,75,71,2,30,,,94,Anxiety
122,24,Female,Twitter,105,76,4,35,20,23,185,Anger
123,29,Male,LinkedIn,60,35,2,17,8,15,48,Boredom
124,33,Non-binary,Instagram,190,104,8,105,36,50,215,Happiness
125,22,Female,Twitter,70,40,3,25,16,15,26,Sadness
126,31,Male,Facebook,80,30,2,,10,20,45,Neutral
127,27,Non-binary,,55,45,1,12,5,11,146,Anxiety
128,25,Female,Instagram,160,104,6,85,26,30,57,Happiness
129,30,Male,Twitter,90,65,4,43,19,24,105,Anger
130,26,Non-binary,Facebook,45,74,1,8,4,12,162,Sadness
131,,Female,LinkedIn,65,61,2,17,5,14,184,Boredom
132,28,,Instagram,145,120,7,80,30,35,13,Happiness
133,23,Non-binary,,70,52,3,30,14,18,23,Neutral
134,21,Female,Instagram,130,105,6,95,,28,227,Sadness
135,29,,Facebook,65,40,2,27,11,22,180,Anxiety
136,24,Non-binary,LinkedIn,,94,1,11,6,11,94,Boredom
137,33,,Instagram,170,130,7,95,30,38,203,Happiness
138,27,Male,Twitter,85,70,4,45,18,24,34,Anger
139,22,Female,Instagram,115,40,3,,17,30,35,Neutral
140,28,Non-binary,Facebook,100,79,2,22,12,25,57,Anxiety
141,31,Male,LinkedIn,45,20,1,9,,,75,Sadness
142,25,Female,Instagram,150,109,6,90,,30,24,Happiness
143,29,Male,Twitter,95,30,4,50,,,164,Anger
144,23,Non-binary,Facebook,105,55,2,25,12,18,72,Neutral
145,35,Female,LinkedIn,60,30,1,15,7,14,203,Boredom
146,,Male,Instagram,175,144,7,100,33,38,61,Happiness
147,21,Female,Twitter,90,45,3,37,14,20,71,Sadness
148,26,Non-binary,Facebook,75,35,2,30,12,18,98,Anxiety
149,32,Male,Instagram,130,112,,80,,31,149,Neutral
150,28,Female,LinkedIn,55,40,1,12,6,10,15,Boredom
151,27,Male,Instagram,165,95,6,85,30,,219,Happiness
152,24,Female,Twitter,75,60,3,33,18,,162,Anger
153,29,Non-binary,Facebook,85,34,2,27,9,20,236,Neutral
154,33,Female,Instagram,145,116,4,65,23,35,146,Sadness
155,31,Male,LinkedIn,60,44,1,15,7,,235,Anxiety
156,22,Female,Whatsapp,70,35,2,42,,21,92,Anxiety
157,25,Male,Telegram,90,85,3,22,11,22,77,Boredom
158,29,Non-binary,Snapchat,50,25,2,18,,18,219,Sadness
159,28,Female,Twitter,95,55,4,48,22,25,192,Happiness
160,27,Male,Facebook,60,25,1,12,5,15,28,Boredom
161,30,Female,Instagram,175,0,6,72,,33,76,Happiness
162,23,Male,,70,50,3,22,10,18,183,Anger
163,34,Non-binary,Telegram,80,48,2,21,8,20,126,Neutral
164,,Female,Snapchat,120,84,4,55,18,30,84,Anxiety
165,25,Male,Twitter,90,144,,42,14,26,109,Sadness
166,29,Non-binary,,60,133,1,12,,12,172,Boredom
167,28,Male,Instagram,165,102,5,78,23,35,162,Happiness
168,31,Female,Whatsapp,65,20,2,27,10,20,236,Neutral
169,27,Male,Telegram,105,10,3,48,20,28,117,Anxiety
170,22,Non-binary,Snapchat,75,65,2,21,8,20,145,Sadness
171,24,,Instagram,140,124,4,65,22,30,184,Happiness
172,35,Male,Twitter,70,52,1,13,8,10,77,Boredom
173,21,Non-binary,Facebook,55,112,3,17,7,12,190,Neutral
174,29,Female,Whatsapp,90,69,2,24,12,22,40,Anger
175,25,Male,Telegram,80,144,4,30,13,25,48,Neutral
176,,Non-binary,Snapchat,115,150,3,38,18,27,191,Anxiety
177,32,Female,Instagram,155,61,6,75,25,38,159,Happiness
178,26,Male,Twitter,75,169,2,23,12,18,185,Sadness
179,33,Non-binary,Facebook,65,45,1,13,7,14,21,Anxiety
180,27,Female,Whatsapp,90,35,4,37,18,20,140,Neutral
181,31,Male,Telegram,50,63,2,20,10,12,241,Sadness
182,24,Non-binary,Snapchat,85,25,3,33,,18,149,Happiness
183,34,Female,Instagram,,102,5,60,25,25,93,Anger
184,,Male,Twitter,70,49,1,22,7,22,203,Neutral
185,29,Non-binary,Facebook,75,0,,20,8,20,191,Boredom
186,28,Female,Whatsapp,100,47,4,37,14,26,66,Anxiety
187,31,Male,Telegram,85,65,3,45,20,28,97,Sadness
188,21,Non-binary,Snapchat,60,40,1,18,7,12,114,Neutral
189,25,Female,Instagram,170,72,6,83,30,33,63,Happiness
190,,Male,Twitter,,172,2,30,12,20,30,Anxiety
191,27,Non-binary,Facebook,50,35,1,10,4,10,214,Boredom
192,32,Female,Whatsapp,105,75,4,55,25,25,61,Anger
193,24,Male,Telegram,75,25,3,37,16,22,164,Neutral
194,29,Female,Snapchat,,41,2,23,10,28,38,Sadness
195,26,Male,Instagram,150,97,5,70,25,30,213,Anxiety
196,33,,Twitter,85,40,4,35,18,18,14,Boredom
197,22,Female,Facebook,70,81,1,14,6,10,215,Neutral
198,35,Male,Whatsapp,110,31,3,50,25,,194,Happiness
199,28,Non-binary,Telegram,60,20,2,18,8,,14,Anger
200,27,Female,,120,0,4,40,18,22,39,Neutral
201,25,Female,Instagram,120,39,5,50,20,25,222,Happiness
202,30,Male,Twitter,90,46,4,30,20,22,41,Anger
203,22,Non-binary,Facebook,60,45,,20,,15,67,Neutral
204,28,Female,Instagram,200,135,8,110,40,45,192,Anxiety
205,33,Male,LinkedIn,45,30,1,,5,12,18,Boredom
206,21,,Instagram,150,70,5,65,25,30,24,Happiness
207,27,Female,Twitter,85,30,,40,18,20,33,Anger
208,,Non-binary,Facebook,110,50,,35,16,25,27,Sadness
209,29,Female,LinkedIn,55,0,2,15,5,10,224,Neutral
210,31,Male,Instagram,170,151,7,,35,40,112,Happiness
211,23,Female,Twitter,75,35,4,,20,25,155,Anxiety
212,26,Non-binary,Facebook,,114,3,,14,18,212,Sadness
213,,Male,LinkedIn,65,45,1,14,6,15,135,Boredom
214,22,Female,Instagram,180,128,8,100,38,45,106,Happiness
215,28,Male,Twitter,100,65,6,50,30,29,246,Anger
216,21,Non-binary,Facebook,40,30,1,10,,12,74,Neutral
217,35,Female,Instagram,125,70,,65,22,28,196,Anxiety
218,27,Male,Twitter,90,110,3,40,16,24,34,Sadness
219,23,,LinkedIn,50,16,1,12,6,12,32,Neutral
220,32,Female,,140,0,6,75,28,30,191,Happiness
221,,Male,Facebook,75,40,2,30,,20,129,Anxiety
222,24,Female,Twitter,105,65,4,35,20,23,243,Anger
223,29,Male,LinkedIn,60,20,,17,8,15,138,Boredom
224,33,Non-binary,Instagram,190,174,8,105,36,50,185,Happiness
225,22,Female,Twitter,70,50,3,25,16,15,159,Sadness
226,31,Male,Facebook,80,60,2,20,10,20,217,Neutral
227,27,Non-binary,LinkedIn,55,40,1,12,5,11,243,Anxiety
228,,Female,Instagram,160,27,6,85,26,30,188,Happiness
229,30,Male,Twitter,90,84,4,43,19,24,73,Anger
230,26,Non-binary,Facebook,45,25,1,8,4,12,62,Sadness
231,,Female,LinkedIn,65,45,2,17,5,14,223,Boredom
232,28,Male,Instagram,145,0,7,80,30,35,186,Happiness
233,23,Non-binary,Twitter,70,0,3,30,14,18,156,Neutral
234,21,Female,Instagram,130,47,6,,22,28,10,Sadness
235,29,Male,Facebook,65,35,2,27,11,22,41,Anxiety
236,24,Non-binary,LinkedIn,55,30,1,11,6,11,21,Boredom
237,,Female,Instagram,170,98,7,95,30,38,161,Happiness
238,27,Male,Twitter,85,19,4,,18,24,203,Anger
239,22,Female,Instagram,115,98,3,,17,30,196,Neutral
240,28,,Facebook,100,0,2,22,12,25,41,Anxiety
241,31,,LinkedIn,45,25,1,9,4,10,19,Sadness
242,25,Female,Instagram,150,45,6,90,26,,182,Happiness
243,29,Male,Twitter,95,46,4,50,22,22,52,Anger
244,23,Non-binary,Facebook,105,40,2,25,12,18,100,Neutral
245,,Female,LinkedIn,60,51,1,15,7,14,61,Boredom
246,30,Male,Instagram,175,98,7,100,33,38,134,Happiness
247,21,Female,Twitter,90,83,3,37,14,20,93,Sadness
248,,Non-binary,Facebook,75,95,2,30,12,18,153,Anxiety
249,32,Male,Instagram,130,40,5,80,28,,105,Neutral
250,28,Female,LinkedIn,,138,1,12,6,10,124,Boredom
251,27,Male,Instagram,165,53,6,,30,28,123,Happiness
252,24,Female,Twitter,75,0,3,33,18,19,201,Anger
253,29,Non-binary,Facebook,85,55,2,27,9,20,197,Neutral
254,33,Female,Instagram,145,131,4,65,23,35,20,Sadness
255,,Male,LinkedIn,,99,1,15,7,17,136,Anxiety
256,22,Female,Whatsapp,70,60,2,42,10,21,185,Anxiety
257,25,Male,,90,45,3,22,11,22,46,Boredom
258,29,Non-binary,Snapchat,50,0,2,18,7,18,236,Sadness
259,28,,,95,48,4,48,22,25,45,Happiness
260,27,Male,Facebook,60,11,1,12,,15,20,Boredom
261,30,Female,Instagram,175,110,6,72,30,33,47,Happiness
262,23,Male,Whatsapp,70,65,,22,10,,214,Anger
263,34,Non-binary,Telegram,80,204,2,,8,20,186,Neutral
264,26,Female,Snapchat,120,91,4,55,18,30,17,Anxiety
265,25,,,90,77,6,42,14,26,238,Sadness
266,29,Non-binary,Facebook,60,35,1,12,4,12,65,Boredom
267,28,Male,Instagram,165,50,5,78,23,35,159,Happiness
268,31,Female,Whatsapp,65,31,2,27,10,20,52,Neutral
269,27,Male,Telegram,105,85,3,48,20,28,190,Anxiety
270,22,Non-binary,Snapchat,75,64,2,21,8,20,40,Sadness
271,24,Female,,,143,4,65,22,30,11,Happiness
272,35,Male,,70,30,1,13,8,,127,Boredom
273,21,Non-binary,Facebook,55,30,3,17,7,12,234,Neutral
274,29,,Whatsapp,,94,2,24,12,22,57,Anger
275,25,Male,Telegram,80,55,4,30,13,25,75,Neutral
276,28,Non-binary,Snapchat,115,112,3,38,18,27,87,Anxiety
277,32,Female,Instagram,155,69,6,75,25,38,238,Happiness
278,26,Male,Twitter,75,0,2,23,12,18,144,Sadness
279,,Non-binary,Facebook,65,30,1,13,7,14,104,Anxiety
280,27,,Whatsapp,90,65,4,37,18,20,201,Neutral
281,31,Male,Telegram,50,16,2,20,10,12,189,Sadness
282,24,Non-binary,Snapchat,85,132,,33,20,,244,Happiness
283,34,Female,Instagram,120,69,5,60,25,25,69,Anger
284,22,Male,Twitter,70,0,,22,7,22,21,Neutral
285,29,Non-binary,Facebook,75,25,2,20,8,20,147,Boredom
286,28,Female,Whatsapp,100,54,4,37,14,26,180,Anxiety
287,31,Male,Telegram,85,0,3,45,20,,71,Sadness
288,21,Non-binary,Snapchat,60,30,1,18,7,12,216,Neutral
289,25,Female,Instagram,,33,6,83,30,33,154,Happiness
290,30,Male,Twitter,70,25,2,30,12,20,162,Anxiety
291,27,Non-binary,Facebook,50,42,,10,4,10,219,Boredom
292,32,Female,Whatsapp,105,85,4,55,25,25,179,Anger
293,24,Male,Telegram,75,55,3,37,,,198,Neutral
294,29,Female,Snapchat,95,60,2,23,10,28,30,Sadness
295,26,Male,Instagram,150,49,5,70,25,30,229,Anxiety
296,33,Non-binary,Twitter,85,65,4,35,18,18,169,Boredom
297,22,Female,Facebook,70,117,1,14,6,10,238,Neutral
298,35,Male,Whatsapp,,70,3,50,25,25,176,Happiness
299,28,Non-binary,Telegram,60,45,2,,8,18,239,Anger
300,27,Female,Snapchat,120,35,4,40,18,22,214,Neutral
301,25,Female,Instagram,120,21,5,50,20,25,12,Happiness
302,30,Male,Twitter,90,85,4,30,20,22,216,Anger
303,22,Non-binary,Facebook,60,25,2,20,10,15,114,Neutral
304,28,Female,Instagram,200,113,,110,40,45,203,Anxiety
305,33,Male,LinkedIn,45,35,1,,5,12,66,Boredom
306,21,Male,Instagram,150,90,5,65,25,30,125,Happiness
307,27,Female,Twitter,,20,3,40,18,20,84,Anger
308,24,,,110,80,,35,16,25,85,Sadness
309,29,,LinkedIn,55,45,2,15,5,10,234,Neutral
310,31,Male,Instagram,170,163,7,90,35,40,181,Happiness
311,23,Female,Twitter,75,35,4,45,20,25,149,Anxiety
312,26,Non-binary,Facebook,95,107,3,30,14,18,175,Sadness
313,34,Male,,65,25,1,14,6,15,84,Boredom
314,22,,Instagram,180,133,8,100,38,45,169,Happiness
315,28,Male,Twitter,100,45,6,50,30,29,175,Anger
316,21,Non-binary,Facebook,40,20,1,10,4,12,82,Neutral
317,35,Female,Instagram,125,98,5,65,22,28,206,Anxiety
318,27,,Twitter,90,1,3,40,16,24,212,Sadness
319,23,Non-binary,LinkedIn,50,44,,12,6,12,67,Neutral
320,32,Female,Instagram,140,125,6,75,28,30,164,Happiness
321,26,Male,Facebook,75,0,2,30,14,20,38,Anxiety
322,24,Female,Twitter,105,95,4,35,20,23,69,Anger
323,29,Male,LinkedIn,60,45,2,17,8,,217,Boredom
324,33,Non-binary,Instagram,190,111,8,105,36,50,99,Happiness
325,22,Female,Twitter,70,0,3,25,,15,55,Sadness
326,31,Male,Facebook,80,0,2,20,10,20,208,Neutral
327,27,Non-binary,,55,45,1,12,5,11,227,Anxiety
328,25,Female,,160,96,6,85,,30,80,Happiness
329,,Male,Twitter,90,25,4,43,19,24,105,Anger
330,26,Non-binary,Facebook,45,25,1,8,4,12,67,Sadness
331,34,Female,,65,35,2,17,5,14,136,Boredom
332,28,Male,Instagram,145,0,7,80,30,35,129,Happiness
333,23,Non-binary,Twitter,70,30,3,30,14,18,69,Neutral
334,21,Female,,130,50,6,95,22,28,178,Sadness
335,29,Male,Facebook,65,30,2,27,11,22,75,Anxiety
336,24,Non-binary,LinkedIn,55,45,1,11,6,11,70,Boredom
337,33,Female,Instagram,170,58,7,95,,38,229,Happiness
338,27,Male,Twitter,,169,4,45,18,24,107,Anger
339,22,Female,Instagram,115,157,3,60,17,30,84,Neutral
340,28,Non-binary,Facebook,100,0,2,22,12,25,154,Anxiety
341,,,LinkedIn,45,20,1,9,4,10,203,Sadness
342,25,Female,Instagram,150,48,6,90,26,30,167,Happiness
343,29,Male,Twitter,,199,4,50,22,22,34,Anger
344,23,Non-binary,Facebook,105,19,2,25,12,18,245,Neutral
345,35,Female,LinkedIn,60,35,1,15,,14,203,Boredom
346,30,Male,Instagram,175,59,7,100,33,38,124,Happiness
347,21,Female,Twitter,90,82,3,37,14,20,174,Sadness
348,26,Non-binary,,75,50,2,30,12,18,131,Anxiety
349,32,,Instagram,130,50,5,80,28,31,232,Neutral
350,28,Female,LinkedIn,55,25,1,12,6,10,241,Boredom
351,27,Male,Instagram,165,107,6,85,30,28,129,Happiness
352,24,Female,Twitter,75,65,3,33,18,19,203,Anger
353,29,Non-binary,Facebook,85,70,2,27,9,20,186,Neutral
354,33,Female,Instagram,145,65,4,65,23,35,93,Sadness
355,31,Male,LinkedIn,60,35,1,15,,17,226,Anxiety
356,22,Female,Whatsapp,70,35,2,42,,21,76,Anxiety
357,25,Male,Telegram,90,59,3,22,11,22,239,Boredom
358,29,Non-binary,Snapchat,50,49,2,18,7,18,89,Sadness
359,28,Female,Twitter,95,19,4,48,22,25,241,Happiness
360,27,Male,Facebook,60,25,1,12,5,15,47,Boredom
361,30,Female,Instagram,175,98,6,72,30,33,103,Happiness
362,23,,Whatsapp,70,20,3,22,10,18,237,Anger
363,34,Non-binary,Telegram,80,121,2,,,20,237,Neutral
364,26,Female,,120,17,4,55,18,30,188,Anxiety
365,25,Male,Twitter,90,55,6,42,14,26,86,Sadness
366,29,Non-binary,Facebook,,107,1,,4,12,189,Boredom
367,28,Male,Instagram,165,149,5,,23,35,77,Happiness
368,,Female,Whatsapp,65,35,2,27,10,20,122,Neutral
369,27,Male,Telegram,105,43,3,48,20,28,12,Anxiety
370,,Non-binary,Snapchat,75,72,,21,8,20,35,Sadness
371,24,Female,Instagram,140,0,4,65,22,30,121,Happiness
372,35,Male,Twitter,,102,1,13,8,10,73,Boredom
373,21,Non-binary,Facebook,55,20,3,17,7,12,80,Neutral
374,,Female,Whatsapp,90,40,2,24,,22,50,Anger
375,25,Male,Telegram,80,0,4,30,13,25,227,Neutral
376,28,,Snapchat,115,86,3,38,18,27,139,Anxiety
377,32,Female,Instagram,155,74,6,75,25,38,211,Happiness
378,26,Male,Twitter,75,22,2,23,12,18,107,Sadness
379,33,Non-binary,Facebook,,11,1,13,7,14,247,Anxiety
380,27,Female,Whatsapp,90,27,4,37,,20,100,Neutral
381,31,Male,Telegram,50,40,2,20,10,12,143,Sadness
382,24,Non-binary,Snapchat,85,35,,33,20,,20,Happiness
383,34,Female,Instagram,120,12,5,60,25,25,33,Anger
384,22,Male,Twitter,70,25,1,22,7,22,194,Neutral
385,29,Non-binary,Facebook,75,45,2,20,8,20,221,Boredom
386,28,Female,Whatsapp,100,85,4,37,14,26,133,Anxiety
387,31,,Telegram,85,8,3,45,20,28,49,Sadness
388,21,Non-binary,Snapchat,60,58,1,18,7,12,185,Neutral
389,25,Female,Instagram,170,12,,83,30,33,194,Happiness
390,30,Male,Twitter,70,30,,30,12,20,85,Anxiety
391,,Non-binary,Facebook,50,35,1,10,4,10,169,Boredom
392,32,Female,Whatsapp,105,87,4,55,25,25,160,Anger
393,24,Male,Telegram,75,0,3,37,16,22,214,Neutral
394,,Female,Snapchat,95,70,2,23,10,28,174,Sadness
395,26,Male,Instagram,150,65,5,70,25,30,37,Anxiety
396,33,Non-binary,,,170,4,35,18,18,101,Boredom
397,22,Female,Facebook,70,50,1,14,6,10,55,Neutral
398,,Male,,110,55,3,50,25,25,141,Happiness
399,28,Non-binary,Telegram,60,40,2,18,8,18,160,Anger
400,27,Female,Snapchat,120,80,4,40,18,22,211,Neutral
401,25,Female,Instagram,120,70,5,50,20,25,60,Happiness
402,30,Male,Twitter,90,49,4,30,20,22,196,Anger
403,22,Non-binary,Facebook,60,58,2,20,10,15,245,Neutral
404,28,Female,Instagram,200,72,8,110,40,45,99,Anxiety
405,33,Male,LinkedIn,45,15,1,10,5,12,166,Boredom
406,21,Male,Instagram,150,100,5,65,25,30,115,Happiness
407,27,Female,Twitter,85,65,,40,18,20,27,Anger
408,24,Non-binary,Facebook,110,19,6,35,16,25,194,Sadness
409,29,Female,LinkedIn,55,25,2,15,5,,44,Neutral
410,31,Male,Instagram,170,79,7,90,35,40,183,Happiness
411,23,,Twitter,75,0,4,45,20,25,194,Anxiety
412,26,Non-binary,Facebook,95,68,3,30,14,18,153,Sadness
413,34,,LinkedIn,65,25,1,14,6,15,58,Boredom
414,22,,Instagram,180,120,8,100,38,45,46,Happiness
415,28,Male,Twitter,100,30,6,50,30,,167,Anger
416,21,,Facebook,40,25,1,10,4,12,82,Neutral
417,35,Female,Instagram,125,46,5,65,22,28,137,Anxiety
418,,Male,Twitter,90,60,3,40,16,,187,Sadness
419,23,Non-binary,LinkedIn,50,15,1,12,6,12,131,Neutral
420,32,Female,Instagram,140,26,6,75,28,30,65,Happiness
421,26,Male,Facebook,75,55,,30,14,20,123,Anxiety
422,24,,Twitter,105,61,4,35,,23,100,Anger
423,29,Male,LinkedIn,60,35,2,17,8,15,196,Boredom
424,33,Non-binary,Instagram,190,66,8,105,36,50,82,Happiness
425,22,Female,Twitter,70,70,3,25,16,15,84,Sadness
426,31,Male,Facebook,80,35,2,20,10,20,15,Neutral
427,,Non-binary,LinkedIn,55,35,1,12,5,11,189,Anxiety
428,25,Female,Instagram,160,119,6,,26,30,178,Happiness
429,30,Male,Twitter,90,73,,43,19,24,161,Anger
430,,Non-binary,Facebook,45,20,1,8,4,12,166,Sadness
431,34,Female,LinkedIn,65,77,2,17,5,,129,Boredom
432,28,,Instagram,145,82,7,80,30,35,163,Happiness
433,23,Non-binary,Twitter,70,50,3,30,14,18,179,Neutral
434,21,Female,Instagram,,75,6,95,22,28,58,Sadness
435,29,Male,,65,25,2,27,11,22,88,Anxiety
436,24,Non-binary,LinkedIn,55,45,1,11,6,11,147,Boredom
437,33,Female,Instagram,170,85,7,95,30,38,227,Happiness
438,27,Male,Twitter,85,40,4,45,18,24,174,Anger
439,22,Female,Instagram,115,22,3,60,17,30,67,Neutral
440,,Non-binary,Facebook,100,74,2,22,12,25,159,Anxiety
441,31,Male,LinkedIn,45,35,1,9,4,10,183,Sadness
442,25,Female,Instagram,150,95,,90,26,30,74,Happiness
443,29,,Twitter,95,35,4,50,,22,89,Anger
444,23,Non-binary,,105,5,2,25,12,18,145,Neutral
445,35,Female,LinkedIn,,9,1,15,7,14,119,Boredom
446,30,Male,Instagram,175,90,7,100,33,38,176,Happiness
447,21,Female,Twitter,90,65,3,37,14,20,48,Sadness
448,26,,Facebook,75,35,2,30,12,18,234,Anxiety
449,32,Male,Instagram,130,30,5,80,28,31,34,Neutral
450,28,Female,LinkedIn,55,20,1,12,6,10,164,Boredom
451,27,Male,,165,163,6,85,30,,13,Happiness
452,24,Female,Twitter,75,6,3,33,18,19,193,Anger
453,29,,Facebook,85,70,2,27,9,20,94,Neutral
454,33,Female,Instagram,145,75,4,65,23,35,28,Sadness
455,31,Male,LinkedIn,60,168,1,15,7,17,90,Anxiety
456,22,Female,Whatsapp,70,55,2,42,10,21,156,Anxiety
457,25,Male,Telegram,90,40,3,22,11,22,67,Boredom
458,29,Non-binary,Snapchat,50,35,2,18,7,18,192,Sadness
459,28,,Twitter,95,70,4,48,22,25,127,Happiness
460,,Male,Facebook,60,35,1,12,5,15,100,Boredom
461,30,,Instagram,,202,6,72,30,33,237,Happiness
462,23,Male,Whatsapp,70,0,3,,10,18,150,Anger
463,34,Non-binary,Telegram,80,45,2,21,8,20,124,Neutral
464,26,Female,Snapchat,120,103,4,55,18,,50,Anxiety
465,25,Male,Twitter,90,32,6,42,14,26,234,Sadness
466,29,Non-binary,Facebook,60,49,1,12,4,12,85,Boredom
467,28,Male,Instagram,165,100,5,78,23,35,192,Happiness
468,31,Female,Whatsapp,65,30,2,27,10,20,214,Neutral
469,27,,Telegram,105,35,3,48,20,28,104,Anxiety
470,22,Non-binary,Snapchat,75,67,,,8,20,57,Sadness
471,24,Female,Instagram,140,33,4,65,22,30,16,Happiness
472,35,Male,Twitter,70,0,1,13,8,,44,Boredom
473,21,Non-binary,Facebook,55,45,3,17,7,12,219,Neutral
474,29,Female,Whatsapp,90,60,2,24,12,22,17,Anger
475,,Male,Telegram,80,44,4,30,13,25,40,Neutral
476,28,Non-binary,Snapchat,115,108,3,38,18,27,241,Anxiety
477,32,Female,Instagram,155,85,6,75,25,,36,Happiness
478,26,Male,Twitter,75,60,2,23,12,18,14,Sadness
479,33,,,65,40,1,13,7,,61,Anxiety
480,27,Female,Whatsapp,90,64,4,37,18,20,81,Neutral
481,31,Male,Telegram,50,33,2,20,10,12,30,Sadness
482,24,Non-binary,Snapchat,85,82,3,33,,18,39,Happiness
483,34,Female,Instagram,120,94,5,60,25,25,72,Anger
484,22,Male,Twitter,70,31,1,22,,22,63,Neutral
485,29,Non-binary,Facebook,75,30,2,20,8,20,59,Boredom
486,28,Female,Whatsapp,100,33,4,37,14,26,123,Anxiety
487,31,Male,Telegram,85,40,3,45,,28,237,Sadness
488,21,Non-binary,Snapchat,60,30,1,18,7,12,192,Neutral
489,25,Female,Instagram,170,159,6,83,30,33,153,Happiness
490,30,,Twitter,70,41,2,30,12,20,226,Anxiety
491,27,Non-binary,Facebook,50,53,1,10,4,10,191,Boredom
492,32,Female,Whatsapp,105,21,,55,25,25,152,Anger
493,24,,Telegram,75,50,3,37,16,22,56,Neutral
494,29,Female,Snapchat,95,64,2,,10,28,91,Sadness
495,26,Male,Instagram,150,88,5,70,25,30,65,Anxiety
496,33,Non-binary,Twitter,85,64,4,35,18,,111,Boredom
497,22,Female,,70,55,1,14,6,10,19,Neutral
498,35,Male,Whatsapp,110,33,3,50,25,25,56,Happiness
499,28,Non-binary,,60,56,2,18,8,18,44,Anger
500,27,Female,Snapchat,120,41,4,40,18,22,68,Neutral
501,25,Female,Instagram,120,0,,,20,25,167,Happiness
502,30,Male,Twitter,90,70,4,30,20,22,63,Anger
503,22,Non-binary,Facebook,60,45,2,20,10,15,248,Neutral
504,28,Female,Instagram,200,142,8,110,40,,27,Anxiety
505,33,Male,LinkedIn,45,30,1,10,5,12,126,Boredom
506,,Male,Instagram,150,141,5,65,25,30,75,Happiness
507,27,Female,Twitter,,86,,40,18,20,241,Anger
508,24,Non-binary,,110,40,6,35,16,25,241,Sadness
509,29,Female,LinkedIn,55,20,,15,5,10,31,Neutral
510,31,,Instagram,170,133,7,90,35,40,107,Happiness
511,23,Female,Twitter,75,74,4,45,20,25,247,Anxiety
512,26,Non-binary,Facebook,95,0,3,30,14,18,201,Sadness
513,34,,LinkedIn,65,50,,14,6,15,13,Boredom
514,22,Female,Instagram,180,93,8,100,38,45,139,Happiness
515,,Male,Twitter,100,27,6,50,30,,107,Anger
516,21,Non-binary,,40,116,1,10,4,12,140,Neutral
517,35,Female,Instagram,125,80,5,65,22,28,32,Anxiety
518,27,Male,Twitter,90,28,3,40,16,24,245,Sadness
519,23,Non-binary,LinkedIn,50,15,1,12,6,12,14,Neutral
520,32,Female,Instagram,,137,6,75,28,30,206,Happiness
521,26,Male,Facebook,75,39,2,30,14,20,226,Anxiety
522,24,Female,Twitter,105,66,4,35,20,23,187,Anger
523,29,Male,LinkedIn,60,31,2,17,8,,17,Boredom
524,33,Non-binary,Instagram,190,59,8,105,,50,166,Happiness
525,,Female,Twitter,70,25,3,25,16,15,141,Sadness
526,31,Male,Facebook,80,55,2,20,10,20,116,Neutral
527,27,Non-binary,,55,55,1,12,5,11,130,Anxiety
528,25,Female,Instagram,160,6,6,85,26,30,189,Happiness
529,30,Male,Twitter,90,0,4,43,19,24,136,Anger
530,26,Non-binary,Facebook,45,15,1,8,4,12,245,Sadness
531,34,Female,LinkedIn,65,19,2,17,5,14,117,Boredom
532,28,Male,Instagram,145,100,7,80,30,35,123,Happiness
533,23,Non-binary,Twitter,70,25,3,30,14,18,186,Neutral
534,21,Female,Instagram,,4,6,95,22,28,194,Sadness
535,,Male,Facebook,65,40,2,27,11,22,108,Anxiety
536,24,Non-binary,LinkedIn,55,35,,11,6,,49,Boredom
537,33,Female,Instagram,170,76,7,95,30,38,210,Happiness
538,27,Male,Twitter,85,62,4,45,18,24,173,Anger
539,22,Female,Instagram,115,75,,60,17,30,218,Neutral
540,28,Non-binary,Facebook,100,40,2,22,12,25,69,Anxiety
541,31,Male,LinkedIn,45,30,1,9,4,10,33,Sadness
542,25,Female,Instagram,150,65,6,90,26,30,116,Happiness
543,29,Male,Twitter,95,92,4,50,22,22,190,Anger
544,23,Non-binary,Facebook,105,97,2,25,12,18,219,Neutral
545,35,Female,LinkedIn,60,30,1,,7,14,198,Boredom
546,30,Male,Instagram,175,75,7,100,33,38,137,Happiness
547,21,Female,Twitter,90,25,3,37,14,,218,Sadness
548,26,Non-binary,Facebook,75,55,2,30,12,18,143,Anxiety
549,32,Male,Instagram,130,85,5,80,28,31,42,Neutral
550,28,Female,LinkedIn,55,20,1,12,6,10,36,Boredom
551,27,Male,Instagram,165,37,6,85,30,28,16,Happiness
552,,Female,Twitter,75,32,3,33,18,19,210,Anger
553,29,Non-binary,Facebook,85,8,2,27,9,20,228,Neutral
554,33,Female,,145,110,4,65,23,35,36,Sadness
555,31,,LinkedIn,60,45,1,15,7,17,185,Anxiety
556,22,,Whatsapp,70,45,2,42,10,21,150,Anxiety
557,25,Male,Telegram,90,174,3,22,11,22,126,Boredom
558,29,Non-binary,Snapchat,50,30,2,18,7,18,80,Sadness
559,28,Female,Twitter,95,35,4,48,22,25,51,Happiness
560,27,Male,Facebook,60,40,1,12,5,15,81,Boredom
561,30,Female,,175,91,6,72,30,33,157,Happiness
562,23,Male,Whatsapp,70,148,3,22,10,18,197,Anger
563,34,Non-binary,Telegram,80,40,2,,8,20,60,Neutral
564,26,Female,Snapchat,120,55,4,55,18,30,24,Anxiety
565,25,Male,Twitter,,68,,42,14,26,100,Sadness
566,29,Non-binary,Facebook,60,25,1,12,4,12,61,Boredom
567,28,Male,Instagram,165,140,5,78,23,35,77,Happiness
568,,Female,Whatsapp,65,35,2,27,10,20,113,Neutral
569,27,Male,Telegram,105,15,3,48,20,28,227,Anxiety
570,22,Non-binary,Snapchat,75,60,2,21,8,20,233,Sadness
571,24,Female,Instagram,140,103,4,65,22,30,133,Happiness
572,35,Male,Twitter,70,54,1,13,8,10,183,Boredom
573,21,,Facebook,55,34,3,17,7,12,44,Neutral
574,29,Female,Whatsapp,90,46,2,24,12,22,70,Anger
575,25,Male,Telegram,80,50,4,,13,25,140,Neutral
576,28,Non-binary,Snapchat,115,97,3,38,18,27,109,Anxiety
577,32,Female,Instagram,155,115,6,75,25,38,56,Happiness
578,26,Male,Twitter,75,0,2,23,12,18,142,Sadness
579,33,Non-binary,Facebook,65,35,1,13,7,14,32,Anxiety
580,27,Female,Whatsapp,90,55,4,37,18,20,244,Neutral
581,31,Male,Telegram,,189,2,20,,12,76,Sadness
582,24,Non-binary,Snapchat,85,61,3,33,20,18,210,Happiness
583,34,Female,Instagram,120,70,5,60,25,25,127,Anger
584,22,Male,Twitter,,149,1,22,7,22,220,Neutral
585,29,Non-binary,Facebook,75,30,2,20,8,20,45,Boredom
586,28,Female,Whatsapp,100,70,4,37,14,26,57,Anxiety
587,31,Male,Telegram,85,40,3,45,20,28,141,Sadness
588,21,Non-binary,Snapchat,60,20,1,18,7,12,47,Neutral
589,25,Female,Instagram,170,57,6,83,30,33,201,Happiness
590,,Male,Twitter,70,0,2,30,12,20,74,Anxiety
591,27,Non-binary,Facebook,50,35,1,10,4,10,211,Boredom
592,32,Female,Whatsapp,105,40,4,55,25,25,232,Anger
593,24,Male,Telegram,75,60,3,37,16,22,89,Neutral
594,29,Female,Snapchat,95,69,2,23,10,28,38,Sadness
595,,Male,Instagram,150,69,5,,25,30,148,Anxiety
596,33,Non-binary,Twitter,85,6,4,35,18,18,200,Boredom
597,22,Female,Facebook,70,60,1,14,6,10,92,Neutral
598,35,,Whatsapp,110,86,3,50,25,25,33,Happiness
599,28,Non-binary,Telegram,60,50,2,18,8,18,115,Anger
600,27,Female,,120,72,,40,18,22,107,Neutral
601,25,Female,Instagram,120,0,5,50,20,25,237,Happiness
602,30,Male,Twitter,90,45,4,30,20,22,47,Anger
603,22,Non-binary,Facebook,60,20,2,20,10,15,208,Neutral
604,28,Female,Instagram,200,191,8,110,40,,90,Anxiety
605,33,Male,LinkedIn,45,35,1,10,5,12,143,Boredom
606,21,Male,Instagram,150,65,5,65,25,30,243,Happiness
607,27,Female,Twitter,85,45,3,40,18,20,158,Anger
608,24,Non-binary,Facebook,110,35,6,,16,25,27,Sadness
609,29,,LinkedIn,55,44,2,,5,10,220,Neutral
610,31,Male,Instagram,170,124,7,90,35,40,237,Happiness
611,23,Female,Twitter,75,60,4,45,20,25,239,Anxiety
612,26,Non-binary,Facebook,95,62,3,30,14,18,155,Sadness
613,34,Male,LinkedIn,65,55,1,14,6,15,138,Boredom
614,22,Female,Instagram,180,72,8,100,38,45,25,Happiness
615,28,Male,Twitter,100,75,6,50,30,29,213,Anger
616,21,Non-binary,Facebook,40,20,1,10,4,,161,Neutral
617,35,Female,Instagram,125,65,5,65,22,28,139,Anxiety
618,27,Male,Twitter,90,128,3,40,16,24,179,Sadness
619,23,Non-binary,LinkedIn,50,40,1,,6,12,144,Neutral
620,32,Female,Instagram,140,110,6,75,28,30,232,Happiness
621,26,Male,Facebook,75,35,2,30,14,20,71,Anxiety
622,,Female,Twitter,105,91,4,35,20,23,120,Anger
623,29,,LinkedIn,60,58,2,17,8,15,96,Boredom
624,33,Non-binary,Instagram,190,111,8,105,36,50,116,Happiness
625,22,Female,Twitter,70,30,3,25,16,15,131,Sadness
626,31,Male,Facebook,80,0,2,20,10,20,248,Neutral
627,27,,LinkedIn,55,22,1,12,5,11,237,Anxiety
628,25,Female,Instagram,160,26,6,85,26,30,238,Happiness
629,30,Male,Twitter,90,55,4,,19,24,30,Anger
630,26,Non-binary,Facebook,45,35,,8,4,12,27,Sadness
631,,Female,LinkedIn,65,68,2,17,5,14,45,Boredom
632,,,Instagram,145,100,7,80,30,35,35,Happiness
633,23,Non-binary,Twitter,70,69,3,30,,18,106,Neutral
634,21,Female,,130,119,6,95,22,28,116,Sadness
635,29,Male,Facebook,65,40,2,27,11,22,13,Anxiety
636,24,Non-binary,LinkedIn,55,20,1,11,6,11,62,Boredom
637,33,Female,Instagram,170,146,7,95,30,38,249,Happiness
638,27,Male,,85,70,4,45,18,24,15,Anger
639,22,Female,Instagram,115,89,3,60,17,30,160,Neutral
640,28,Non-binary,Facebook,100,96,2,22,12,25,221,Anxiety
641,31,Male,,,131,1,9,4,10,102,Sadness
642,25,Female,Instagram,150,95,6,90,26,30,71,Happiness
643,29,Male,Twitter,95,49,4,50,22,22,67,Anger
644,23,Non-binary,Facebook,105,15,2,25,12,18,133,Neutral
645,35,Female,LinkedIn,60,50,1,15,7,14,146,Boredom
646,30,Male,Instagram,175,0,7,100,33,,146,Happiness
647,21,Female,Twitter,90,92,3,37,,20,47,Sadness
648,26,Non-binary,Facebook,75,30,2,30,12,18,87,Anxiety
649,32,Male,Instagram,130,0,5,,,31,201,Neutral
650,28,Female,LinkedIn,55,44,1,12,6,10,114,Boredom
651,27,Male,Instagram,165,73,6,85,30,28,154,Happiness
652,24,Female,Twitter,,83,3,33,18,19,171,Anger
653,29,Non-binary,Facebook,,90,2,27,,20,90,Neutral
654,33,Female,Instagram,145,111,4,65,23,35,234,Sadness
655,31,Male,LinkedIn,60,35,1,15,,17,13,Anxiety
656,22,Female,Whatsapp,70,4,2,42,10,21,82,Anxiety
657,25,Male,Telegram,90,70,3,22,,22,70,Boredom
658,,,Snapchat,50,35,,18,7,18,82,Sadness
659,28,Female,Twitter,95,67,4,48,22,25,99,Happiness
660,27,Male,Facebook,60,40,1,12,5,15,220,Boredom
661,30,Female,Instagram,,61,6,72,30,33,163,Happiness
662,23,Male,,70,43,3,22,10,18,77,Anger
663,34,Non-binary,Telegram,80,0,2,21,8,,112,Neutral
664,26,Female,Snapchat,120,80,4,55,18,30,213,Anxiety
665,25,Male,,90,0,6,42,14,26,213,Sadness
666,29,Non-binary,Facebook,60,19,1,12,4,12,229,Boredom
667,28,Male,Instagram,165,0,5,78,23,35,52,Happiness
668,31,Female,Whatsapp,,68,2,,10,20,126,Neutral
669,27,,Telegram,105,0,3,48,20,28,207,Anxiety
670,22,Non-binary,Snapchat,,153,2,21,8,,57,Sadness
671,24,,Instagram,140,53,4,65,22,30,160,Happiness
672,35,Male,Twitter,70,27,1,13,8,10,26,Boredom
673,21,Non-binary,Facebook,55,25,3,,7,12,156,Neutral
674,29,Female,Whatsapp,90,32,,24,12,22,77,Anger
675,25,Male,Telegram,80,35,4,30,13,25,65,Neutral
676,28,Non-binary,Snapchat,,139,3,38,18,27,174,Anxiety
677,32,Female,Instagram,155,47,6,75,25,38,184,Happiness
678,26,Male,Twitter,75,70,2,23,12,18,196,Sadness
679,,Non-binary,Facebook,65,50,1,13,7,14,199,Anxiety
680,27,Female,Whatsapp,90,73,4,37,18,,114,Neutral
681,31,Male,Telegram,50,255,2,20,10,,65,Sadness
682,24,Non-binary,Snapchat,85,0,3,33,20,18,181,Happiness
683,34,,Instagram,120,90,5,60,25,25,166,Anger
684,,Male,Twitter,70,50,1,22,7,22,43,Neutral
685,,Non-binary,Facebook,75,52,2,20,8,20,134,Boredom
686,28,Female,Whatsapp,100,145,4,37,14,26,38,Anxiety
687,31,Male,Telegram,85,65,3,45,20,28,56,Sadness
688,21,Non-binary,Snapchat,60,41,1,18,7,12,193,Neutral
689,25,Female,Instagram,170,85,6,83,30,33,230,Happiness
690,30,Male,Twitter,70,57,2,30,12,20,246,Anxiety
691,,Non-binary,Facebook,50,40,1,10,4,10,47,Boredom
692,32,Female,Whatsapp,105,100,4,55,25,25,241,Anger
693,24,Male,Telegram,75,45,3,37,16,22,127,Neutral
694,29,Female,Snapchat,95,55,,23,10,28,24,Sadness
695,26,Male,Instagram,150,118,5,70,25,30,105,Anxiety
696,33,Non-binary,Twitter,85,65,4,35,18,18,81,Boredom
697,22,Female,Facebook,70,44,1,14,6,10,231,Neutral
698,35,Male,Whatsapp,110,87,3,50,25,25,120,Happiness
699,28,Non-binary,Telegram,60,40,2,18,8,,29,Anger
700,27,Female,Snapchat,120,56,4,40,18,22,178,Neutral
701,25,Female,Instagram,120,80,5,50,,25,167,Happiness
702,30,Male,Twitter,90,37,4,30,20,22,233,Anger
703,22,Non-binary,Facebook,60,45,2,20,10,15,186,Neutral
704,28,Female,Instagram,200,81,8,110,40,45,112,Anxiety
705,33,Male,LinkedIn,45,35,1,10,5,12,82,Boredom
706,21,Male,Instagram,150,74,5,65,,30,64,Happiness
707,27,Female,Twitter,85,40,3,40,,20,176,Anger
708,24,Non-binary,Facebook,110,88,6,35,16,25,227,Sadness
709,,Female,LinkedIn,55,30,2,15,5,10,87,Neutral
710,,Male,Instagram,170,116,,90,35,40,26,Happiness
711,23,Female,Twitter,75,52,4,45,20,25,17,Anxiety
712,26,Non-binary,Facebook,95,0,3,30,14,18,17,Sadness
713,34,Male,LinkedIn,65,9,1,14,6,15,38,Boredom
714,22,Female,Instagram,180,51,8,100,38,45,136,Happiness
715,,Male,,100,35,6,50,,29,61,Anger
716,21,Non-binary,Facebook,40,25,1,10,,12,144,Neutral
717,35,Female,Instagram,125,17,5,65,22,28,77,Anxiety
718,27,Male,Twitter,90,30,3,40,16,24,111,Sadness
719,23,Non-binary,LinkedIn,50,53,1,12,6,12,33,Neutral
720,32,Female,Instagram,140,104,6,75,,30,46,Happiness
721,26,Male,Facebook,75,21,2,30,14,20,97,Anxiety
722,24,,Twitter,105,60,4,35,20,23,120,Anger
723,29,Male,LinkedIn,60,47,2,17,8,15,30,Boredom
724,33,Non-binary,Instagram,190,26,8,105,36,50,206,Happiness
725,22,Female,Twitter,70,55,3,25,16,15,130,Sadness
726,31,Male,Facebook,80,0,2,20,10,20,201,Neutral
727,27,,LinkedIn,55,35,1,12,5,11,78,Anxiety
728,25,Female,Instagram,160,44,6,85,26,30,235,Happiness
729,30,Male,Twitter,90,40,4,43,19,24,130,Anger
730,26,Non-binary,Facebook,45,30,1,8,4,12,189,Sadness
731,34,Female,LinkedIn,65,20,2,17,5,14,117,Boredom
732,28,Male,Instagram,145,68,7,80,30,35,99,Happiness
733,23,Non-binary,Twitter,70,20,3,30,14,18,164,Neutral
734,21,Female,Instagram,130,100,,95,22,28,221,Sadness
735,29,Male,Facebook,65,30,2,27,11,22,197,Anxiety
736,,Non-binary,LinkedIn,55,20,1,11,6,11,70,Boredom
737,33,Female,Instagram,170,169,,,30,38,81,Happiness
738,27,Male,Twitter,85,50,4,45,18,24,49,Anger
739,22,Female,Instagram,115,52,3,60,,30,128,Neutral
740,28,Non-binary,Facebook,100,70,2,22,12,25,213,Anxiety
741,31,Male,LinkedIn,45,20,1,9,4,,22,Sadness
742,25,Female,Instagram,150,42,6,90,26,30,126,Happiness
743,29,Male,Twitter,95,60,4,50,22,22,63,Anger
744,23,Non-binary,Facebook,105,92,2,,12,18,200,Neutral
745,35,Female,LinkedIn,60,20,,15,7,,149,Boredom
746,30,Male,Instagram,175,51,7,100,33,38,87,Happiness
747,21,Female,Twitter,90,163,3,37,14,20,68,Sadness
748,26,Non-binary,Facebook,75,25,2,30,12,18,155,Anxiety
749,32,Male,Instagram,,71,5,80,28,31,86,Neutral
750,28,Female,LinkedIn,55,35,1,12,,10,91,Boredom
751,27,Male,Instagram,165,27,6,85,30,28,18,Happiness
752,24,,Twitter,75,45,3,33,18,19,129,Anger
753,29,Non-binary,Facebook,85,38,2,27,9,20,77,Neutral
754,33,Female,,145,81,4,,23,35,228,Sadness
755,31,Male,LinkedIn,60,195,1,15,7,17,101,Anxiety
756,22,Female,,70,45,2,42,10,,184,Anxiety
757,25,Male,,90,65,3,,11,22,174,Boredom
758,29,Non-binary,Snapchat,50,40,2,18,7,18,108,Sadness
759,28,Female,Twitter,95,80,4,48,22,25,239,Happiness
760,27,Male,Facebook,60,16,1,12,5,15,107,Boredom
761,30,Female,,175,123,6,72,30,33,17,Happiness
762,23,Male,Whatsapp,70,30,3,22,10,18,50,Anger
763,34,Non-binary,Telegram,80,208,2,21,8,20,244,Neutral
764,26,Female,Snapchat,120,3,4,55,18,30,122,Anxiety
765,25,Male,Twitter,90,76,6,42,14,26,48,Sadness
766,29,Non-binary,,60,35,1,,4,12,238,Boredom
767,28,Male,Instagram,165,58,5,,23,35,140,Happiness
768,31,Female,Whatsapp,65,30,2,27,10,20,194,Neutral
769,27,Male,Telegram,,129,3,48,20,28,242,Anxiety
770,22,Non-binary,Snapchat,75,55,2,21,8,20,111,Sadness
771,24,Female,Instagram,140,100,4,65,22,30,22,Happiness
772,35,Male,Twitter,70,30,,13,,10,117,Boredom
773,21,Non-binary,Facebook,55,30,3,17,,12,184,Neutral
774,29,Female,,90,30,2,24,12,22,205,Anger
775,25,Male,Telegram,80,51,4,30,,,123,Neutral
776,28,Non-binary,Snapchat,115,92,3,,18,27,132,Anxiety
777,32,Female,Instagram,155,50,6,75,25,38,113,Happiness
778,26,Male,,75,60,2,23,12,18,178,Sadness
779,33,Non-binary,Facebook,65,50,1,13,7,14,210,Anxiety
780,27,Female,Whatsapp,90,85,4,37,18,20,209,Neutral
781,31,Male,Telegram,50,35,2,20,10,12,126,Sadness
782,24,Non-binary,Snapchat,85,45,,33,20,18,50,Happiness
783,34,Female,Instagram,120,117,5,60,25,25,94,Anger
784,22,Male,Twitter,70,30,1,22,7,22,219,Neutral
785,29,Non-binary,Facebook,75,0,2,20,8,20,43,Boredom
786,28,Female,Whatsapp,,58,4,,14,26,130,Anxiety
787,31,Male,Telegram,85,35,3,45,20,28,114,Sadness
788,21,Non-binary,Snapchat,60,42,1,18,7,12,45,Neutral
789,25,Female,Instagram,170,128,6,83,30,,123,Happiness
790,30,Male,Twitter,70,43,2,30,12,20,33,Anxiety
791,,Non-binary,Facebook,50,0,1,10,4,,224,Boredom
792,32,Female,Whatsapp,105,45,4,55,25,25,25,Anger
793,24,Male,Telegram,75,78,3,37,16,,81,Neutral
794,,Female,Snapchat,95,91,2,23,,28,212,Sadness
795,26,Male,Instagram,150,0,5,70,25,,219,Anxiety
796,33,Non-binary,Twitter,85,71,4,35,18,18,146,Boredom
797,22,Female,,70,40,,14,6,10,111,Neutral
798,35,Male,Whatsapp,110,95,3,50,25,25,118,Happiness
799,,Non-binary,Telegram,60,40,2,18,8,18,17,Anger
800,27,Female,Snapchat,120,56,,40,18,22,140,Neutral
801,25,Female,Instagram,120,78,5,50,20,25,205,Happiness
802,30,Male,Twitter,90,60,4,30,20,22,113,Anger
803,22,Non-binary,Facebook,60,25,2,20,10,15,239,Neutral
804,28,Female,Instagram,200,169,8,110,40,45,87,Anxiety
805,33,Male,LinkedIn,45,0,1,10,5,12,37,Boredom
806,21,Male,Instagram,150,81,5,65,25,30,150,Happiness
807,27,Female,,85,70,3,40,18,20,241,Anger
808,24,Non-binary,Facebook,110,80,6,35,,25,125,Sadness
809,29,Female,LinkedIn,55,35,2,15,5,10,152,Neutral
810,,Male,Instagram,170,71,7,90,,40,146,Happiness
811,23,Female,Twitter,75,50,4,45,20,25,215,Anxiety
812,,Non-binary,Facebook,95,0,3,30,14,18,18,Sadness
813,34,Male,LinkedIn,,15,1,14,6,,10,Boredom
814,22,Female,Instagram,180,119,8,100,38,45,146,Happiness
815,28,Male,Twitter,100,57,6,50,30,29,82,Anger
816,21,,Facebook,40,20,1,10,4,12,193,Neutral
817,35,Female,Instagram,125,74,5,65,22,28,170,Anxiety
818,27,,Twitter,90,40,3,,16,24,190,Sadness
819,23,Non-binary,LinkedIn,50,45,1,12,6,12,107,Neutral
820,32,Female,Instagram,140,34,6,75,28,,112,Happiness
821,26,Male,Facebook,75,35,2,30,14,20,13,Anxiety
822,24,Female,Twitter,105,75,4,35,20,23,82,Anger
823,29,,LinkedIn,60,20,2,17,8,15,49,Boredom
824,33,Non-binary,Instagram,190,136,8,105,36,50,213,Happiness
825,22,Female,Twitter,70,25,3,25,16,15,169,Sadness
826,31,Male,Facebook,80,153,2,20,10,20,129,Neutral
827,27,Non-binary,LinkedIn,55,20,1,12,5,11,199,Anxiety
828,25,Female,Instagram,160,50,6,85,26,30,180,Happiness
829,30,Male,Twitter,90,30,4,43,19,,41,Anger
830,26,Non-binary,Facebook,45,35,,8,4,12,142,Sadness
831,34,Female,,65,19,2,17,5,,145,Boredom
832,28,Male,Instagram,145,0,7,80,30,35,171,Happiness
833,,Non-binary,Twitter,70,50,3,30,,18,80,Neutral
834,21,Female,Instagram,130,75,6,95,22,,174,Sadness
835,29,Male,Facebook,65,25,2,27,11,22,227,Anxiety
836,24,Non-binary,LinkedIn,55,30,1,11,6,11,228,Boredom
837,,Female,Instagram,170,101,7,95,30,38,235,Happiness
838,27,Male,Twitter,85,50,4,45,18,24,93,Anger
839,22,Female,Instagram,115,36,3,60,17,30,215,Neutral
840,,Non-binary,Facebook,100,105,2,22,12,,180,Anxiety
841,31,Male,LinkedIn,45,20,,9,,10,110,Sadness
842,,Female,Instagram,150,112,6,90,26,,105,Happiness
843,,Male,Twitter,95,83,4,50,,22,202,Anger
844,23,,Facebook,105,55,2,25,12,18,91,Neutral
845,35,,LinkedIn,60,30,1,,7,14,241,Boredom
846,30,Male,Instagram,,35,7,100,33,38,245,Happiness
847,21,Female,,90,55,3,37,14,20,145,Sadness
848,26,Non-binary,Facebook,75,50,2,30,12,18,162,Anxiety
849,32,Male,Instagram,130,109,5,80,28,31,161,Neutral
850,28,Female,LinkedIn,55,20,1,12,6,10,71,Boredom
851,27,Male,Instagram,165,103,6,85,30,28,224,Happiness
852,24,Female,Twitter,75,51,3,33,18,19,76,Anger
853,29,Non-binary,,85,45,2,27,9,20,128,Neutral
854,33,Female,Instagram,145,93,4,65,23,35,85,Sadness
855,31,Male,LinkedIn,60,40,1,15,7,17,20,Anxiety
856,22,Female,Whatsapp,70,63,2,42,10,21,13,Anxiety
857,25,Male,Telegram,90,50,3,22,11,22,116,Boredom
858,29,Non-binary,Snapchat,50,43,2,18,7,18,195,Sadness
859,28,,Twitter,,147,4,48,22,25,20,Happiness
860,27,Male,Facebook,60,35,1,12,5,15,193,Boredom
861,30,Female,Instagram,175,61,6,72,30,33,32,Happiness
862,23,Male,Whatsapp,70,22,3,22,10,18,94,Anger
863,34,Non-binary,Telegram,80,60,2,,8,20,15,Neutral
864,26,Female,Snapchat,120,96,4,55,18,30,125,Anxiety
865,25,Male,Twitter,90,57,6,42,14,26,181,Sadness
866,29,Non-binary,Facebook,60,65,1,12,4,12,94,Boredom
867,28,Male,Instagram,165,154,5,,23,35,16,Happiness
868,31,Female,Whatsapp,65,45,2,27,10,20,73,Neutral
869,27,,Telegram,105,33,3,48,20,28,116,Anxiety
870,22,Non-binary,Snapchat,75,30,2,21,8,20,228,Sadness
871,24,Female,Instagram,140,45,4,65,22,30,177,Happiness
872,35,Male,,70,45,1,13,8,10,219,Boredom
873,21,Non-binary,Facebook,55,15,3,17,7,,237,Neutral
874,29,Female,Whatsapp,90,54,,24,12,22,246,Anger
875,,Male,,80,13,4,30,13,25,206,Neutral
876,28,Non-binary,Snapchat,115,70,3,38,18,27,141,Anxiety
877,32,Female,Instagram,155,68,6,75,25,38,63,Happiness
878,26,Male,Twitter,75,45,2,23,12,18,92,Sadness
879,33,Non-binary,Facebook,65,55,1,,,,181,Anxiety
880,27,Female,Whatsapp,90,60,4,37,18,20,57,Neutral
881,31,Male,Telegram,50,49,2,20,10,12,210,Sadness
882,24,Non-binary,Snapchat,85,31,3,,20,18,75,Happiness
883,34,Female,Instagram,120,130,5,,25,25,56,Anger
884,22,Male,Twitter,70,45,1,22,7,22,152,Neutral
885,29,Non-binary,Facebook,,139,2,20,8,20,136,Boredom
886,28,Female,Whatsapp,100,21,4,37,14,26,41,Anxiety
887,31,Male,Telegram,85,64,3,45,20,28,206,Sadness
888,21,Non-binary,Snapchat,60,30,1,18,7,12,53,Neutral
889,25,Female,Instagram,170,112,6,83,,33,165,Happiness
890,30,Male,Twitter,70,154,,30,12,20,212,Anxiety
891,27,,Facebook,50,35,1,10,4,10,243,Boredom
892,32,,Whatsapp,105,60,4,,25,25,45,Anger
893,24,Male,Telegram,75,57,3,37,16,22,43,Neutral
894,29,Female,Snapchat,95,84,2,23,10,28,107,Sadness
895,26,Male,Instagram,150,107,5,70,25,30,163,Anxiety
896,,Non-binary,Twitter,85,50,4,35,18,18,26,Boredom
897,22,Female,Facebook,70,55,1,14,6,10,33,Neutral
898,35,,Whatsapp,110,85,3,50,25,25,68,Happiness
899,28,,Telegram,60,30,2,18,8,18,18,Anger
900,27,,Snapchat,120,113,4,40,18,22,128,Neutral
901,25,Female,Instagram,120,80,5,50,20,25,92,Happiness
902,30,Male,Twitter,90,75,4,30,20,22,138,Anger
903,22,Non-binary,Facebook,60,50,2,20,10,15,108,Neutral
904,28,Female,Instagram,,223,8,110,40,,71,Anxiety
905,33,Male,LinkedIn,45,20,1,,5,12,19,Boredom
906,21,,Instagram,150,107,5,65,25,30,222,Happiness
907,27,Female,Twitter,85,57,3,40,18,20,139,Anger
908,24,Non-binary,Facebook,110,25,6,35,,25,74,Sadness
909,29,Female,LinkedIn,55,20,2,15,5,10,147,Neutral
910,31,Male,Instagram,170,157,7,90,35,40,203,Happiness
911,23,,Twitter,75,25,4,45,,25,31,Anxiety
912,26,Non-binary,Facebook,95,30,3,30,14,18,179,Sadness
913,,Male,LinkedIn,65,25,1,14,6,15,62,Boredom
914,22,Female,Instagram,180,87,8,100,38,,212,Happiness
915,28,Male,Twitter,100,70,6,,30,29,53,Anger
916,21,Non-binary,Facebook,40,0,1,,4,12,46,Neutral
917,35,Female,Instagram,125,0,5,65,22,28,114,Anxiety
918,27,Male,Twitter,,0,3,40,16,24,217,Sadness
919,23,Non-binary,LinkedIn,50,15,1,12,6,12,136,Neutral
920,32,Female,Instagram,140,84,6,75,28,30,72,Happiness
921,26,Male,Facebook,75,35,2,30,14,20,15,Anxiety
922,24,,Twitter,105,93,,35,20,23,144,Anger
923,29,Male,,60,119,2,17,8,15,101,Boredom
924,33,Non-binary,Instagram,190,84,8,105,36,50,229,Happiness
925,22,Female,Twitter,70,64,3,25,16,15,18,Sadness
926,31,Male,Facebook,80,31,2,20,10,20,155,Neutral
927,27,Non-binary,LinkedIn,55,40,1,12,5,11,195,Anxiety
928,25,Female,Instagram,160,88,6,85,26,30,176,Happiness
929,30,Male,Twitter,90,33,4,43,19,24,235,Anger
930,26,Non-binary,Facebook,45,15,1,,,12,70,Sadness
931,34,Female,LinkedIn,65,32,2,17,5,14,100,Boredom
932,28,Male,Instagram,145,44,7,80,30,35,53,Happiness
933,23,Non-binary,Twitter,70,157,3,30,14,18,94,Neutral
934,21,Female,Instagram,130,110,6,95,22,28,55,Sadness
935,29,Male,Facebook,65,50,2,27,11,22,234,Anxiety
936,24,Non-binary,LinkedIn,55,39,1,11,,11,132,Boredom
937,33,Female,Instagram,170,59,7,95,30,38,103,Happiness
938,27,Male,Twitter,85,40,4,45,18,24,100,Anger
939,22,Female,Instagram,115,53,3,60,17,30,121,Neutral
940,28,Non-binary,Facebook,100,56,2,22,12,25,160,Anxiety
941,31,Male,LinkedIn,45,15,1,9,4,10,84,Sadness
942,25,Female,Instagram,150,100,6,,26,30,158,Happiness
943,,Male,Twitter,95,60,4,50,22,22,240,Anger
944,23,Non-binary,Facebook,105,102,2,25,12,18,142,Neutral
945,35,Female,LinkedIn,60,57,1,15,7,14,78,Boredom
946,30,Male,Instagram,175,110,7,100,33,38,218,Happiness
947,21,Female,Twitter,90,70,3,37,14,,143,Sadness
948,26,Non-binary,Facebook,75,55,2,30,12,18,98,Anxiety
949,32,Male,Instagram,130,78,5,80,28,31,67,Neutral
950,,Female,LinkedIn,55,40,,12,6,10,65,Boredom
951,27,Male,Instagram,,196,6,,30,28,171,Happiness
952,24,Female,Twitter,75,0,3,33,18,19,85,Anger
953,,Non-binary,Facebook,85,40,2,27,,20,189,Neutral
954,33,Female,Instagram,145,5,4,65,23,35,244,Sadness
955,31,Male,LinkedIn,60,25,1,15,7,17,192,Anxiety
956,22,Female,Whatsapp,70,50,2,42,10,21,135,Anxiety
957,25,Male,Telegram,90,65,3,22,,22,74,Boredom
958,29,Non-binary,Snapchat,50,40,2,18,7,18,193,Sadness
959,28,Female,Twitter,95,33,4,48,,25,115,Happiness
960,27,Male,Facebook,60,30,1,12,5,15,129,Boredom
961,30,Female,Instagram,175,7,6,72,30,33,237,Happiness
962,23,Male,Whatsapp,70,35,3,22,10,18,196,Anger
963,34,Non-binary,Telegram,80,60,2,21,,20,79,Neutral
964,26,,Snapchat,120,112,4,55,18,,216,Anxiety
965,25,Male,Twitter,90,45,6,42,14,26,157,Sadness
966,29,Non-binary,Facebook,60,50,1,,4,12,98,Boredom
967,28,Male,Instagram,165,84,5,78,23,35,155,Happiness
968,31,Female,Whatsapp,65,50,2,27,10,20,34,Neutral
969,27,Male,Telegram,105,10,3,48,20,28,80,Anxiety
970,22,Non-binary,Snapchat,75,40,2,21,8,20,40,Sadness
971,,Female,Instagram,140,54,4,65,22,30,165,Happiness
972,35,Male,Twitter,70,50,1,13,,10,174,Boredom
973,21,Non-binary,Facebook,55,74,3,17,,12,63,Neutral
974,29,Female,Whatsapp,90,86,2,24,,22,137,Anger
975,25,Male,Telegram,80,80,4,30,13,25,136,Neutral
976,28,Non-binary,Snapchat,115,48,3,38,,27,47,Anxiety
977,32,Female,Instagram,,120,6,75,25,38,182,Happiness
978,,Male,Twitter,75,55,2,23,,18,92,Sadness
979,33,Non-binary,Facebook,65,35,1,13,7,14,51,Anxiety
980,27,Female,Whatsapp,90,67,4,37,18,20,144,Neutral
981,31,,Telegram,50,20,2,20,10,12,51,Sadness
982,24,Non-binary,Snapchat,85,70,3,33,20,18,245,Happiness
983,34,Female,Instagram,120,102,5,60,25,25,102,Anger
984,22,Male,Twitter,70,66,1,22,7,,86,Neutral
985,,,Facebook,75,106,2,20,8,20,190,Boredom
986,28,Female,,100,60,4,,14,26,227,Anxiety
987,31,Male,Telegram,85,76,3,45,20,28,112,Sadness
988,21,,Snapchat,60,0,1,18,7,12,170,Neutral
989,25,,Instagram,170,29,6,83,30,33,97,Happiness
990,30,Male,,70,55,2,30,12,20,150,Anxiety
991,27,Non-binary,Facebook,50,40,1,10,4,10,244,Boredom
992,32,Female,Whatsapp,105,50,4,55,25,25,148,Anger
993,24,,Telegram,75,64,3,,16,22,34,Neutral
994,29,Female,Snapchat,95,75,2,23,10,28,153,Sadness
995,,Male,Instagram,150,85,5,70,25,30,71,Anxiety
996,33,Non-binary,Twitter,85,23,4,35,18,18,218,Boredom
997,22,Female,Facebook,70,35,1,14,6,10,96,Neutral
998,35,Male,Whatsapp,110,110,3,50,25,25,79,Happiness
999,28,Non-binary,Telegram,60,33,2,,8,18,228,Anger
1000,27,Female,Snapchat,120,103,4,,18,22,126,Neutral
