User_ID,Age,Gender,Platform,Daily_Usage_Time (minutes),Late_Night_Usage (minutes),Posts_Per_Day,Likes_Received_Per_Day,Comments_Received_Per_Day,Messages_Sent_Per_Day,Notifications_per_Day,Dominant_Emotion
1,25,Female,Instagram,120,35,3,45,10,12,40,Positive
2,30,,Twitter,90,70,5,20,25,30,239,Negative
3,22,Male,Facebook,60,30,2,15,5,,110,Positive
4,28,,Instagram,200,100,8,100,30,50,248,Negative
5,33,Male,LinkedIn,45,40,1,5,2,,47,Positive
6,21,Male,Instagram,150,120,4,60,15,25,98,Positive
7,27,Female,Twitter,85,55,3,30,10,18,192,Negative
8,24,Female,Facebook,110,110,6,25,12,22,73,Negative
9,,Female,LinkedIn,55,45,2,10,3,8,240,Positive
10,31,Male,Instagram,170,75,5,80,20,35,43,Positive
11,23,Female,Twitter,75,70,4,35,7,20,60,Negative
12,26,Female,Facebook,95,10,3,20,,18,59,Negative
13,34,Male,LinkedIn,65,45,1,12,4,15,115,Positive
14,22,Female,Instagram,180,55,7,90,25,40,208,Positive
15,,Male,Twitter,100,95,6,40,23,28,235,Negative
16,21,,Facebook,40,30,1,5,2,10,208,Positive
17,35,,Instagram,180,170,,55,18,30,67,Negative
18,27,Male,Twitter,90,50,3,,15,25,177,Negative
19,,Male,LinkedIn,50,30,1,8,,12,108,Positive
20,32,Female,Instagram,140,108,5,70,22,33,249,Positive
21,26,Male,Facebook,75,0,2,25,10,18,142,Negative
22,24,Female,Twitter,105,40,4,28,14,20,131,Negative
23,29,Male,LinkedIn,60,25,2,,5,,91,Positive
24,33,,Instagram,190,151,8,95,26,45,149,Positive
25,22,Female,Twitter,70,25,3,20,12,15,248,Negative
26,31,Male,Facebook,,82,,18,8,21,86,Positive
27,27,Male,LinkedIn,55,45,1,9,2,11,173,Negative
28,25,Female,Instagram,160,148,6,85,,32,96,Positive
29,30,Male,Twitter,90,55,4,38,17,24,248,Negative
30,26,Female,Facebook,45,90,1,6,3,10,193,Negative
31,34,Female,LinkedIn,65,45,2,,4,14,245,Positive
32,28,Male,Instagram,145,24,5,75,20,35,28,Positive
33,23,Male,Twitter,70,20,3,27,11,18,116,Positive
34,21,Female,Instagram,130,0,6,88,15,30,167,Negative
35,29,Male,Facebook,65,55,2,22,8,20,182,Negative
36,24,Female,LinkedIn,55,40,1,10,5,11,185,Positive
37,33,Female,Instagram,170,136,7,90,25,40,24,Positive
38,27,Male,Twitter,85,35,4,35,15,20,235,Negative
39,22,Female,Instagram,115,45,3,55,12,25,56,Positive
40,28,Female,Facebook,,74,2,18,10,22,22,Negative
41,31,Male,LinkedIn,45,20,1,6,2,,238,Negative
42,25,Female,Instagram,150,22,6,80,18,30,107,Positive
43,29,Male,Twitter,95,45,4,,20,22,194,Negative
44,23,Female,Facebook,,82,2,20,8,,243,Positive
45,35,Female,LinkedIn,60,54,1,12,5,,195,Positive
46,30,Male,Instagram,175,55,7,85,23,38,43,Positive
47,21,Female,Twitter,90,87,3,,12,20,104,Negative
48,26,Female,Facebook,75,69,2,28,,18,195,Negative
49,32,Male,Instagram,,214,5,70,,31,168,Positive
50,28,Female,LinkedIn,55,51,1,8,4,10,178,Positive
51,27,Male,,165,92,6,78,22,27,64,Positive
52,24,Female,Twitter,75,45,3,29,15,,20,Negative
53,29,Male,Facebook,85,45,2,25,7,20,17,Positive
54,33,,,145,93,4,60,18,35,247,Negative
55,31,Male,LinkedIn,60,30,1,10,3,17,74,Negative
56,22,Female,Whatsapp,70,58,2,40,8,21,199,Negative
57,25,Male,Telegram,90,43,3,20,10,22,181,Positive
58,29,Female,Snapchat,50,10,2,15,5,18,241,Negative
59,28,Female,Twitter,95,60,4,45,20,25,247,Positive
60,27,Male,Facebook,,143,1,10,4,15,106,Positive
61,30,Female,Instagram,175,61,6,70,23,33,78,Positive
62,23,Male,,70,60,3,20,8,18,11,Negative
63,34,Male,Telegram,80,73,2,18,7,,145,Positive
64,26,Female,,120,65,4,50,15,30,167,Negative
65,25,Male,Twitter,90,12,6,40,12,26,170,Negative
66,29,Female,Facebook,60,25,1,8,2,12,122,Positive
67,28,Male,Instagram,165,114,5,75,18,35,100,Positive
68,31,Female,Whatsapp,65,52,2,25,8,20,170,Positive
69,27,Male,Telegram,105,50,3,45,15,28,12,Negative
70,22,Female,Snapchat,75,66,2,18,6,20,55,Negative
71,24,Female,,140,79,4,,18,30,34,Positive
72,35,Male,Twitter,70,35,,12,7,10,31,Positive
73,21,Male,Facebook,,141,3,15,5,12,136,Positive
74,29,Female,Whatsapp,90,50,2,20,9,22,166,Negative
75,25,Male,Telegram,80,60,4,28,11,25,61,Positive
76,28,Female,,115,77,,36,12,27,204,Negative
77,32,Female,Instagram,155,63,6,72,20,38,103,Positive
78,26,Male,Twitter,75,30,2,22,10,18,65,Negative
79,33,Male,Facebook,65,40,1,,5,14,121,Negative
80,27,Female,Whatsapp,90,50,4,35,14,20,138,Positive
81,31,Male,Telegram,50,30,2,18,6,12,214,Negative
82,24,Female,Snapchat,85,134,3,30,13,18,155,Positive
83,34,Female,Instagram,120,40,5,55,19,25,234,Negative
84,22,Male,Twitter,70,45,1,20,5,22,13,Positive
85,29,Male,Facebook,75,55,,,8,20,170,Positive
86,,Female,Whatsapp,,75,4,,12,26,174,Negative
87,31,Male,Telegram,85,36,3,40,15,28,226,Negative
88,21,,Snapchat,60,25,1,15,5,12,145,Positive
89,25,Female,Instagram,170,113,6,78,22,33,108,Positive
90,30,Male,Twitter,,86,2,28,10,20,163,Negative
91,27,Male,,50,15,1,8,2,10,14,Positive
92,32,Female,Whatsapp,105,98,4,50,18,25,234,Negative
93,24,Male,Telegram,75,60,3,33,13,22,87,Positive
94,29,Female,Snapchat,95,82,2,20,7,28,132,Negative
95,26,Male,Instagram,150,125,5,65,20,30,72,Negative
96,33,Female,Twitter,85,24,4,30,13,18,165,Positive
97,22,Female,Facebook,70,50,1,12,5,10,33,Positive
98,35,Male,Whatsapp,110,27,3,45,20,25,45,Positive
99,28,Male,Telegram,60,30,2,15,6,18,155,Negative
100,27,Female,Snapchat,120,136,4,38,,,98,Positive
101,,Female,Instagram,120,62,5,50,20,,106,Positive
102,30,Male,Twitter,90,30,4,30,20,22,155,Negative
103,22,Male,Facebook,60,40,2,20,10,15,35,Positive
104,28,Female,Instagram,200,15,8,110,40,45,38,Negative
105,33,Male,LinkedIn,45,25,1,10,5,12,247,Positive
106,21,Male,Instagram,150,109,5,65,25,30,225,Positive
107,,Female,Twitter,85,77,3,40,18,20,29,Negative
108,24,Female,Facebook,110,40,6,35,16,25,102,Negative
109,,Female,LinkedIn,55,30,2,15,5,10,25,Positive
110,31,Male,Instagram,170,55,7,90,35,40,118,Positive
111,23,,Twitter,75,60,4,45,20,25,249,Negative
112,,Female,Facebook,95,0,3,30,14,18,27,Negative
113,34,Male,LinkedIn,65,30,1,14,6,15,112,Positive
114,22,Female,Instagram,180,0,8,100,38,45,167,Positive
115,28,Male,Twitter,,55,,50,,29,244,Negative
116,21,Female,Facebook,40,25,1,10,4,12,45,Positive
117,,Female,Instagram,125,44,5,65,22,28,44,Negative
118,27,Male,Twitter,90,56,3,40,,24,183,Negative
119,23,Male,LinkedIn,50,25,1,12,6,12,24,Positive
120,32,Female,Instagram,140,133,6,75,,30,180,Positive
121,26,Male,,75,71,2,30,,,94,Negative
122,24,Female,Twitter,105,76,4,35,20,23,185,Negative
123,29,Male,LinkedIn,60,35,2,17,8,15,48,Positive
124,33,Female,Instagram,190,104,8,105,36,50,215,Positive
125,22,Female,Twitter,70,40,3,25,16,15,26,Negative
126,31,Male,Facebook,80,30,2,,10,20,45,Positive
127,27,Male,,55,45,1,12,5,11,146,Negative
128,25,Female,Instagram,160,104,6,85,26,30,57,Positive
129,30,Male,Twitter,90,65,4,43,19,24,105,Negative
130,26,Female,Facebook,45,74,1,8,4,12,162,Negative
131,,Female,LinkedIn,65,61,2,17,5,14,184,Positive
132,28,,Instagram,145,120,7,80,30,35,13,Positive
133,23,Male,,70,52,3,30,14,18,23,Positive
134,21,Female,Instagram,130,105,6,95,,28,227,Negative
135,29,,Facebook,65,40,2,27,11,22,180,Negative
136,24,Female,LinkedIn,,94,1,11,6,11,94,Positive
137,33,,Instagram,170,130,7,95,30,38,203,Positive
138,27,Male,Twitter,85,70,4,45,18,24,34,Negative
139,22,Female,Instagram,115,40,3,,17,30,35,Positive
140,28,Female,Facebook,100,79,2,22,12,25,57,Negative
141,31,Male,LinkedIn,45,20,1,9,,,75,Negative
142,25,Female,Instagram,150,109,6,90,,30,24,Positive
143,29,Male,Twitter,95,30,4,50,,,164,Negative
144,23,Female,Facebook,105,55,2,25,12,18,72,Positive
145,35,Female,LinkedIn,60,30,1,15,7,14,203,Positive
146,,Male,Instagram,175,144,7,100,33,38,61,Positive
147,21,Female,Twitter,90,45,3,37,14,20,71,Negative
148,26,Female,Facebook,75,35,2,30,12,18,98,Negative
149,32,Male,Instagram,130,112,,80,,31,149,Positive
150,28,Female,LinkedIn,55,40,1,12,6,10,15,Positive
151,27,Male,Instagram,165,95,6,85,30,,219,Positive
152,24,Female,Twitter,75,60,3,33,18,,162,Negative
153,29,Male,Facebook,85,34,2,27,9,20,236,Positive
154,33,Female,Instagram,145,116,4,65,23,35,146,Negative
155,31,Male,LinkedIn,60,44,1,15,7,,235,Negative
156,22,Female,Whatsapp,70,35,2,42,,21,92,Negative
157,25,Male,Telegram,90,85,3,22,11,22,77,Positive
158,29,Female,Snapchat,50,25,2,18,,18,219,Negative
159,28,Female,Twitter,95,55,4,48,22,25,192,Positive
160,27,Male,Facebook,60,25,1,12,5,15,28,Positive
161,30,Female,Instagram,175,0,6,72,,33,76,Positive
162,23,Male,,70,50,3,22,10,18,183,Negative
163,34,Male,Telegram,80,48,2,21,8,20,126,Positive
164,,Female,Snapchat,120,84,4,55,18,30,84,Negative
165,25,Male,Twitter,90,144,,42,14,26,109,Negative
166,29,Female,,60,133,1,12,,12,172,Positive
167,28,Male,Instagram,165,102,5,78,23,35,162,Positive
168,31,Female,Whatsapp,65,20,2,27,10,20,236,Positive
169,27,Male,Telegram,105,10,3,48,20,28,117,Negative
170,22,Female,Snapchat,75,65,2,21,8,20,145,Negative
171,24,,Instagram,140,124,4,65,22,30,184,Positive
172,35,Male,Twitter,70,52,1,13,8,10,77,Positive
173,21,Male,Facebook,55,112,3,17,7,12,190,Positive
174,29,Female,Whatsapp,90,69,2,24,12,22,40,Negative
175,25,Male,Telegram,80,144,4,30,13,25,48,Positive
176,,Female,Snapchat,115,150,3,38,18,27,191,Negative
177,32,Female,Instagram,155,61,6,75,25,38,159,Positive
178,26,Male,Twitter,75,169,2,23,12,18,185,Negative
179,33,Male,Facebook,65,45,1,13,7,14,21,Negative
180,27,Female,Whatsapp,90,35,4,37,18,20,140,Positive
181,31,Male,Telegram,50,63,2,20,10,12,241,Negative
182,24,Female,Snapchat,85,25,3,33,,18,149,Positive
183,34,Female,Instagram,,102,5,60,25,25,93,Negative
184,,Male,Twitter,70,49,1,22,7,22,203,Positive
185,29,Male,Facebook,75,0,,20,8,20,191,Positive
186,28,Female,Whatsapp,100,47,4,37,14,26,66,Negative
187,31,Male,Telegram,85,65,3,45,20,28,97,Negative
188,21,Female,Snapchat,60,40,1,18,7,12,114,Positive
189,25,Female,Instagram,170,72,6,83,30,33,63,Positive
190,,Male,Twitter,,172,2,30,12,20,30,Negative
191,27,Male,Facebook,50,35,1,10,4,10,214,Positive
192,32,Female,Whatsapp,105,75,4,55,25,25,61,Negative
193,24,Male,Telegram,75,25,3,37,16,22,164,Positive
194,29,Female,Snapchat,,41,2,23,10,28,38,Negative
195,26,Male,Instagram,150,97,5,70,25,30,213,Negative
196,33,,Twitter,85,40,4,35,18,18,14,Positive
197,22,Female,Facebook,70,81,1,14,6,10,215,Positive
198,35,Male,Whatsapp,110,31,3,50,25,,194,Positive
199,28,Male,Telegram,60,20,2,18,8,,14,Negative
200,27,Female,,120,0,4,40,18,22,39,Positive
201,25,Female,Instagram,120,39,5,50,20,25,222,Positive
202,30,Male,Twitter,90,46,4,30,20,22,41,Negative
203,22,Male,Facebook,60,45,,20,,15,67,Positive
204,28,Female,Instagram,200,135,8,110,40,45,192,Negative
205,33,Male,LinkedIn,45,30,1,,5,12,18,Positive
206,21,,Instagram,150,70,5,65,25,30,24,Positive
207,27,Female,Twitter,85,30,,40,18,20,33,Negative
208,,Female,Facebook,110,50,,35,16,25,27,Negative
209,29,Female,LinkedIn,55,0,2,15,5,10,224,Positive
210,31,Male,Instagram,170,151,7,,35,40,112,Positive
211,23,Female,Twitter,75,35,4,,20,25,155,Negative
212,26,Female,Facebook,,114,3,,14,18,212,Negative
213,,Male,LinkedIn,65,45,1,14,6,15,135,Positive
214,22,Female,Instagram,180,128,8,100,38,45,106,Positive
215,28,Male,Twitter,100,65,6,50,30,29,246,Negative
216,21,Female,Facebook,40,30,1,10,,12,74,Positive
217,35,Female,Instagram,125,70,,65,22,28,196,Negative
218,27,Male,Twitter,90,110,3,40,16,24,34,Negative
219,23,,LinkedIn,50,16,1,12,6,12,32,Positive
220,32,Female,,140,0,6,75,28,30,191,Positive
221,,Male,Facebook,75,40,2,30,,20,129,Negative
222,24,Female,Twitter,105,65,4,35,20,23,243,Negative
223,29,Male,LinkedIn,60,20,,17,8,15,138,Positive
224,33,Female,Instagram,190,174,8,105,36,50,185,Positive
225,22,Female,Twitter,70,50,3,25,16,15,159,Negative
226,31,Male,Facebook,80,60,2,20,10,20,217,Positive
227,27,Male,LinkedIn,55,40,1,12,5,11,243,Negative
228,,Female,Instagram,160,27,6,85,26,30,188,Positive
229,30,Male,Twitter,90,84,4,43,19,24,73,Negative
230,26,Female,Facebook,45,25,1,8,4,12,62,Negative
231,,Female,LinkedIn,65,45,2,17,5,14,223,Positive
232,28,Male,Instagram,145,0,7,80,30,35,186,Positive
233,23,Male,Twitter,70,0,3,30,14,18,156,Positive
234,21,Female,Instagram,130,47,6,,22,28,10,Negative
235,29,Male,Facebook,65,35,2,27,11,22,41,Negative
236,24,Female,LinkedIn,55,30,1,11,6,11,21,Positive
237,,Female,Instagram,170,98,7,95,30,38,161,Positive
238,27,Male,Twitter,85,19,4,,18,24,203,Negative
239,22,Female,Instagram,115,98,3,,17,30,196,Positive
240,28,,Facebook,100,0,2,22,12,25,41,Negative
241,31,,LinkedIn,45,25,1,9,4,10,19,Negative
242,25,Female,Instagram,150,45,6,90,26,,182,Positive
243,29,Male,Twitter,95,46,4,50,22,22,52,Negative
244,23,Female,Facebook,105,40,2,25,12,18,100,Positive
245,,Female,LinkedIn,60,51,1,15,7,14,61,Positive
246,30,Male,Instagram,175,98,7,100,33,38,134,Positive
247,21,Female,Twitter,90,83,3,37,14,20,93,Negative
248,,Female,Facebook,75,95,2,30,12,18,153,Negative
249,32,Male,Instagram,130,40,5,80,28,,105,Positive
250,28,Female,LinkedIn,,138,1,12,6,10,124,Positive
251,27,Male,Instagram,165,53,6,,30,28,123,Positive
252,24,Female,Twitter,75,0,3,33,18,19,201,Negative
253,29,Male,Facebook,85,55,2,27,9,20,197,Positive
254,33,Female,Instagram,145,131,4,65,23,35,20,Negative
255,,Male,LinkedIn,,99,1,15,7,17,136,Negative
256,22,Female,Whatsapp,70,60,2,42,10,21,185,Negative
257,25,Male,,90,45,3,22,11,22,46,Positive
258,29,Female,Snapchat,50,0,2,18,7,18,236,Negative
259,28,,,95,48,4,48,22,25,45,Positive
260,27,Male,Facebook,60,11,1,12,,15,20,Positive
261,30,Female,Instagram,175,110,6,72,30,33,47,Positive
262,23,Male,Whatsapp,70,65,,22,10,,214,Negative
263,34,Male,Telegram,80,204,2,,8,20,186,Positive
264,26,Female,Snapchat,120,91,4,55,18,30,17,Negative
265,25,,,90,77,6,42,14,26,238,Negative
266,29,Female,Facebook,60,35,1,12,4,12,65,Positive
267,28,Male,Instagram,165,50,5,78,23,35,159,Positive
268,31,Female,Whatsapp,65,31,2,27,10,20,52,Positive
269,27,Male,Telegram,105,85,3,48,20,28,190,Negative
270,22,Female,Snapchat,75,64,2,21,8,20,40,Negative
271,24,Female,,,143,4,65,22,30,11,Positive
272,35,Male,,70,30,1,13,8,,127,Positive
273,21,Male,Facebook,55,30,3,17,7,12,234,Positive
274,29,,Whatsapp,,94,2,24,12,22,57,Negative
275,25,Male,Telegram,80,55,4,30,13,25,75,Positive
276,28,Female,Snapchat,115,112,3,38,18,27,87,Negative
277,32,Female,Instagram,155,69,6,75,25,38,238,Positive
278,26,Male,Twitter,75,0,2,23,12,18,144,Negative
279,,Male,Facebook,65,30,1,13,7,14,104,Negative
280,27,,Whatsapp,90,65,4,37,18,20,201,Positive
281,31,Male,Telegram,50,16,2,20,10,12,189,Negative
282,24,Female,Snapchat,85,132,,33,20,,244,Positive
283,34,Female,Instagram,120,69,5,60,25,25,69,Negative
284,22,Male,Twitter,70,0,,22,7,22,21,Positive
285,29,Male,Facebook,75,25,2,20,8,20,147,Positive
286,28,Female,Whatsapp,100,54,4,37,14,26,180,Negative
287,31,Male,Telegram,85,0,3,45,20,,71,Negative
288,21,Female,Snapchat,60,30,1,18,7,12,216,Positive
289,25,Female,Instagram,,33,6,83,30,33,154,Positive
290,30,Male,Twitter,70,25,2,30,12,20,162,Negative
291,27,Male,Facebook,50,42,,10,4,10,219,Positive
292,32,Female,Whatsapp,105,85,4,55,25,25,179,Negative
293,24,Male,Telegram,75,55,3,37,,,198,Positive
294,29,Female,Snapchat,95,60,2,23,10,28,30,Negative
295,26,Male,Instagram,150,49,5,70,25,30,229,Negative
296,33,Female,Twitter,85,65,4,35,18,18,169,Positive
297,22,Female,Facebook,70,117,1,14,6,10,238,Positive
298,35,Male,Whatsapp,,70,3,50,25,25,176,Positive
299,28,Male,Telegram,60,45,2,,8,18,239,Negative
300,27,Female,Snapchat,120,35,4,40,18,22,214,Positive
301,25,Female,Instagram,120,21,5,50,20,25,12,Positive
302,30,Male,Twitter,90,85,4,30,20,22,216,Negative
303,22,Male,Facebook,60,25,2,20,10,15,114,Positive
304,28,Female,Instagram,200,113,,110,40,45,203,Negative
305,33,Male,LinkedIn,45,35,1,,5,12,66,Positive
306,21,Male,Instagram,150,90,5,65,25,30,125,Positive
307,27,Female,Twitter,,20,3,40,18,20,84,Negative
308,24,,,110,80,,35,16,25,85,Negative
309,29,,LinkedIn,55,45,2,15,5,10,234,Positive
310,31,Male,Instagram,170,163,7,90,35,40,181,Positive
311,23,Female,Twitter,75,35,4,45,20,25,149,Negative
312,26,Female,Facebook,95,107,3,30,14,18,175,Negative
313,34,Male,,65,25,1,14,6,15,84,Positive
314,22,,Instagram,180,133,8,100,38,45,169,Positive
315,28,Male,Twitter,100,45,6,50,30,29,175,Negative
316,21,Female,Facebook,40,20,1,10,4,12,82,Positive
317,35,Female,Instagram,125,98,5,65,22,28,206,Negative
318,27,,Twitter,90,1,3,40,16,24,212,Negative
319,23,Male,LinkedIn,50,44,,12,6,12,67,Positive
320,32,Female,Instagram,140,125,6,75,28,30,164,Positive
321,26,Male,Facebook,75,0,2,30,14,20,38,Negative
322,24,Female,Twitter,105,95,4,35,20,23,69,Negative
323,29,Male,LinkedIn,60,45,2,17,8,,217,Positive
324,33,Female,Instagram,190,111,8,105,36,50,99,Positive
325,22,Female,Twitter,70,0,3,25,,15,55,Negative
326,31,Male,Facebook,80,0,2,20,10,20,208,Positive
327,27,Male,,55,45,1,12,5,11,227,Negative
328,25,Female,,160,96,6,85,,30,80,Positive
329,,Male,Twitter,90,25,4,43,19,24,105,Negative
330,26,Female,Facebook,45,25,1,8,4,12,67,Negative
331,34,Female,,65,35,2,17,5,14,136,Positive
332,28,Male,Instagram,145,0,7,80,30,35,129,Positive
333,23,Male,Twitter,70,30,3,30,14,18,69,Positive
334,21,Female,,130,50,6,95,22,28,178,Negative
335,29,Male,Facebook,65,30,2,27,11,22,75,Negative
336,24,Female,LinkedIn,55,45,1,11,6,11,70,Positive
337,33,Female,Instagram,170,58,7,95,,38,229,Positive
338,27,Male,Twitter,,169,4,45,18,24,107,Negative
339,22,Female,Instagram,115,157,3,60,17,30,84,Positive
340,28,Female,Facebook,100,0,2,22,12,25,154,Negative
341,,,LinkedIn,45,20,1,9,4,10,203,Negative
342,25,Female,Instagram,150,48,6,90,26,30,167,Positive
343,29,Male,Twitter,,199,4,50,22,22,34,Negative
344,23,Female,Facebook,105,19,2,25,12,18,245,Positive
345,35,Female,LinkedIn,60,35,1,15,,14,203,Positive
346,30,Male,Instagram,175,59,7,100,33,38,124,Positive
347,21,Female,Twitter,90,82,3,37,14,20,174,Negative
348,26,Female,,75,50,2,30,12,18,131,Negative
349,32,,Instagram,130,50,5,80,28,31,232,Positive
350,28,Female,LinkedIn,55,25,1,12,6,10,241,Positive
351,27,Male,Instagram,165,107,6,85,30,28,129,Positive
352,24,Female,Twitter,75,65,3,33,18,19,203,Negative
353,29,Male,Facebook,85,70,2,27,9,20,186,Positive
354,33,Female,Instagram,145,65,4,65,23,35,93,Negative
355,31,Male,LinkedIn,60,35,1,15,,17,226,Negative
356,22,Female,Whatsapp,70,35,2,42,,21,76,Negative
357,25,Male,Telegram,90,59,3,22,11,22,239,Positive
358,29,Female,Snapchat,50,49,2,18,7,18,89,Negative
359,28,Female,Twitter,95,19,4,48,22,25,241,Positive
360,27,Male,Facebook,60,25,1,12,5,15,47,Positive
361,30,Female,Instagram,175,98,6,72,30,33,103,Positive
362,23,,Whatsapp,70,20,3,22,10,18,237,Negative
363,34,Male,Telegram,80,121,2,,,20,237,Positive
364,26,Female,,120,17,4,55,18,30,188,Negative
365,25,Male,Twitter,90,55,6,42,14,26,86,Negative
366,29,Female,Facebook,,107,1,,4,12,189,Positive
367,28,Male,Instagram,165,149,5,,23,35,77,Positive
368,,Female,Whatsapp,65,35,2,27,10,20,122,Positive
369,27,Male,Telegram,105,43,3,48,20,28,12,Negative
370,,Female,Snapchat,75,72,,21,8,20,35,Negative
371,24,Female,Instagram,140,0,4,65,22,30,121,Positive
372,35,Male,Twitter,,102,1,13,8,10,73,Positive
373,21,Male,Facebook,55,20,3,17,7,12,80,Positive
374,,Female,Whatsapp,90,40,2,24,,22,50,Negative
375,25,Male,Telegram,80,0,4,30,13,25,227,Positive
376,28,,Snapchat,115,86,3,38,18,27,139,Negative
377,32,Female,Instagram,155,74,6,75,25,38,211,Positive
378,26,Male,Twitter,75,22,2,23,12,18,107,Negative
379,33,Male,Facebook,,11,1,13,7,14,247,Negative
380,27,Female,Whatsapp,90,27,4,37,,20,100,Positive
381,31,Male,Telegram,50,40,2,20,10,12,143,Negative
382,24,Female,Snapchat,85,35,,33,20,,20,Positive
383,34,Female,Instagram,120,12,5,60,25,25,33,Negative
384,22,Male,Twitter,70,25,1,22,7,22,194,Positive
385,29,Male,Facebook,75,45,2,20,8,20,221,Positive
386,28,Female,Whatsapp,100,85,4,37,14,26,133,Negative
387,31,,Telegram,85,8,3,45,20,28,49,Negative
388,21,Female,Snapchat,60,58,1,18,7,12,185,Positive
389,25,Female,Instagram,170,12,,83,30,33,194,Positive
390,30,Male,Twitter,70,30,,30,12,20,85,Negative
391,,Male,Facebook,50,35,1,10,4,10,169,Positive
392,32,Female,Whatsapp,105,87,4,55,25,25,160,Negative
393,24,Male,Telegram,75,0,3,37,16,22,214,Positive
394,,Female,Snapchat,95,70,2,23,10,28,174,Negative
395,26,Male,Instagram,150,65,5,70,25,30,37,Negative
396,33,Female,,,170,4,35,18,18,101,Positive
397,22,Female,Facebook,70,50,1,14,6,10,55,Positive
398,,Male,,110,55,3,50,25,25,141,Positive
399,28,Male,Telegram,60,40,2,18,8,18,160,Negative
400,27,Female,Snapchat,120,80,4,40,18,22,211,Positive
401,25,Female,Instagram,120,70,5,50,20,25,60,Positive
402,30,Male,Twitter,90,49,4,30,20,22,196,Negative
403,22,Male,Facebook,60,58,2,20,10,15,245,Positive
404,28,Female,Instagram,200,72,8,110,40,45,99,Negative
405,33,Male,LinkedIn,45,15,1,10,5,12,166,Positive
406,21,Male,Instagram,150,100,5,65,25,30,115,Positive
407,27,Female,Twitter,85,65,,40,18,20,27,Negative
408,24,Female,Facebook,110,19,6,35,16,25,194,Negative
409,29,Female,LinkedIn,55,25,2,15,5,,44,Positive
410,31,Male,Instagram,170,79,7,90,35,40,183,Positive
411,23,,Twitter,75,0,4,45,20,25,194,Negative
412,26,Female,Facebook,95,68,3,30,14,18,153,Negative
413,34,,LinkedIn,65,25,1,14,6,15,58,Positive
414,22,,Instagram,180,120,8,100,38,45,46,Positive
415,28,Male,Twitter,100,30,6,50,30,,167,Negative
416,21,,Facebook,40,25,1,10,4,12,82,Positive
417,35,Female,Instagram,125,46,5,65,22,28,137,Negative
418,,Male,Twitter,90,60,3,40,16,,187,Negative
419,23,Male,LinkedIn,50,15,1,12,6,12,131,Positive
420,32,Female,Instagram,140,26,6,75,28,30,65,Positive
421,26,Male,Facebook,75,55,,30,14,20,123,Negative
422,24,,Twitter,105,61,4,35,,23,100,Negative
423,29,Male,LinkedIn,60,35,2,17,8,15,196,Positive
424,33,Female,Instagram,190,66,8,105,36,50,82,Positive
425,22,Female,Twitter,70,70,3,25,16,15,84,Negative
426,31,Male,Facebook,80,35,2,20,10,20,15,Positive
427,,Male,LinkedIn,55,35,1,12,5,11,189,Negative
428,25,Female,Instagram,160,119,6,,26,30,178,Positive
429,30,Male,Twitter,90,73,,43,19,24,161,Negative
430,,Female,Facebook,45,20,1,8,4,12,166,Negative
431,34,Female,LinkedIn,65,77,2,17,5,,129,Positive
432,28,,Instagram,145,82,7,80,30,35,163,Positive
433,23,Male,Twitter,70,50,3,30,14,18,179,Positive
434,21,Female,Instagram,,75,6,95,22,28,58,Negative
435,29,Male,,65,25,2,27,11,22,88,Negative
436,24,Female,LinkedIn,55,45,1,11,6,11,147,Positive
437,33,Female,Instagram,170,85,7,95,30,38,227,Positive
438,27,Male,Twitter,85,40,4,45,18,24,174,Negative
439,22,Female,Instagram,115,22,3,60,17,30,67,Positive
440,,Female,Facebook,100,74,2,22,12,25,159,Negative
441,31,Male,LinkedIn,45,35,1,9,4,10,183,Negative
442,25,Female,Instagram,150,95,,90,26,30,74,Positive
443,29,,Twitter,95,35,4,50,,22,89,Negative
444,23,Female,,105,5,2,25,12,18,145,Positive
445,35,Female,LinkedIn,,9,1,15,7,14,119,Positive
446,30,Male,Instagram,175,90,7,100,33,38,176,Positive
447,21,Female,Twitter,90,65,3,37,14,20,48,Negative
448,26,,Facebook,75,35,2,30,12,18,234,Negative
449,32,Male,Instagram,130,30,5,80,28,31,34,Positive
450,28,Female,LinkedIn,55,20,1,12,6,10,164,Positive
451,27,Male,,165,163,6,85,30,,13,Positive
452,24,Female,Twitter,75,6,3,33,18,19,193,Negative
453,29,,Facebook,85,70,2,27,9,20,94,Positive
454,33,Female,Instagram,145,75,4,65,23,35,28,Negative
455,31,Male,LinkedIn,60,168,1,15,7,17,90,Negative
456,22,Female,Whatsapp,70,55,2,42,10,21,156,Negative
457,25,Male,Telegram,90,40,3,22,11,22,67,Positive
458,29,Female,Snapchat,50,35,2,18,7,18,192,Negative
459,28,,Twitter,95,70,4,48,22,25,127,Positive
460,,Male,Facebook,60,35,1,12,5,15,100,Positive
461,30,,Instagram,,202,6,72,30,33,237,Positive
462,23,Male,Whatsapp,70,0,3,,10,18,150,Negative
463,34,Male,Telegram,80,45,2,21,8,20,124,Positive
464,26,Female,Snapchat,120,103,4,55,18,,50,Negative
465,25,Male,Twitter,90,32,6,42,14,26,234,Negative
466,29,Female,Facebook,60,49,1,12,4,12,85,Positive
467,28,Male,Instagram,165,100,5,78,23,35,192,Positive
468,31,Female,Whatsapp,65,30,2,27,10,20,214,Positive
469,27,,Telegram,105,35,3,48,20,28,104,Negative
470,22,Female,Snapchat,75,67,,,8,20,57,Negative
471,24,Female,Instagram,140,33,4,65,22,30,16,Positive
472,35,Male,Twitter,70,0,1,13,8,,44,Positive
473,21,Male,Facebook,55,45,3,17,7,12,219,Positive
474,29,Female,Whatsapp,90,60,2,24,12,22,17,Negative
475,,Male,Telegram,80,44,4,30,13,25,40,Positive
476,28,Female,Snapchat,115,108,3,38,18,27,241,Negative
477,32,Female,Instagram,155,85,6,75,25,,36,Positive
478,26,Male,Twitter,75,60,2,23,12,18,14,Negative
479,33,,,65,40,1,13,7,,61,Negative
480,27,Female,Whatsapp,90,64,4,37,18,20,81,Positive
481,31,Male,Telegram,50,33,2,20,10,12,30,Negative
482,24,Female,Snapchat,85,82,3,33,,18,39,Positive
483,34,Female,Instagram,120,94,5,60,25,25,72,Negative
484,22,Male,Twitter,70,31,1,22,,22,63,Positive
485,29,Male,Facebook,75,30,2,20,8,20,59,Positive
486,28,Female,Whatsapp,100,33,4,37,14,26,123,Negative
487,31,Male,Telegram,85,40,3,45,,28,237,Negative
488,21,Female,Snapchat,60,30,1,18,7,12,192,Positive
489,25,Female,Instagram,170,159,6,83,30,33,153,Positive
490,30,,Twitter,70,41,2,30,12,20,226,Negative
491,27,Male,Facebook,50,53,1,10,4,10,191,Positive
492,32,Female,Whatsapp,105,21,,55,25,25,152,Negative
493,24,,Telegram,75,50,3,37,16,22,56,Positive
494,29,Female,Snapchat,95,64,2,,10,28,91,Negative
495,26,Male,Instagram,150,88,5,70,25,30,65,Negative
496,33,Female,Twitter,85,64,4,35,18,,111,Positive
497,22,Female,,70,55,1,14,6,10,19,Positive
498,35,Male,Whatsapp,110,33,3,50,25,25,56,Positive
499,28,Male,,60,56,2,18,8,18,44,Negative
500,27,Female,Snapchat,120,41,4,40,18,22,68,Positive
501,25,Female,Instagram,120,0,,,20,25,167,Positive
502,30,Male,Twitter,90,70,4,30,20,22,63,Negative
503,22,Male,Facebook,60,45,2,20,10,15,248,Positive
504,28,Female,Instagram,200,142,8,110,40,,27,Negative
505,33,Male,LinkedIn,45,30,1,10,5,12,126,Positive
506,,Male,Instagram,150,141,5,65,25,30,75,Positive
507,27,Female,Twitter,,86,,40,18,20,241,Negative
508,24,Female,,110,40,6,35,16,25,241,Negative
509,29,Female,LinkedIn,55,20,,15,5,10,31,Positive
510,31,,Instagram,170,133,7,90,35,40,107,Positive
511,23,Female,Twitter,75,74,4,45,20,25,247,Negative
512,26,Female,Facebook,95,0,3,30,14,18,201,Negative
513,34,,LinkedIn,65,50,,14,6,15,13,Positive
514,22,Female,Instagram,180,93,8,100,38,45,139,Positive
515,,Male,Twitter,100,27,6,50,30,,107,Negative
516,21,Female,,40,116,1,10,4,12,140,Positive
517,35,Female,Instagram,125,80,5,65,22,28,32,Negative
518,27,Male,Twitter,90,28,3,40,16,24,245,Negative
519,23,Male,LinkedIn,50,15,1,12,6,12,14,Positive
520,32,Female,Instagram,,137,6,75,28,30,206,Positive
521,26,Male,Facebook,75,39,2,30,14,20,226,Negative
522,24,Female,Twitter,105,66,4,35,20,23,187,Negative
523,29,Male,LinkedIn,60,31,2,17,8,,17,Positive
524,33,Female,Instagram,190,59,8,105,,50,166,Positive
525,,Female,Twitter,70,25,3,25,16,15,141,Negative
526,31,Male,Facebook,80,55,2,20,10,20,116,Positive
527,27,Male,,55,55,1,12,5,11,130,Negative
528,25,Female,Instagram,160,6,6,85,26,30,189,Positive
529,30,Male,Twitter,90,0,4,43,19,24,136,Negative
530,26,Female,Facebook,45,15,1,8,4,12,245,Negative
531,34,Female,LinkedIn,65,19,2,17,5,14,117,Positive
532,28,Male,Instagram,145,100,7,80,30,35,123,Positive
533,23,Male,Twitter,70,25,3,30,14,18,186,Positive
534,21,Female,Instagram,,4,6,95,22,28,194,Negative
535,,Male,Facebook,65,40,2,27,11,22,108,Negative
536,24,Female,LinkedIn,55,35,,11,6,,49,Positive
537,33,Female,Instagram,170,76,7,95,30,38,210,Positive
538,27,Male,Twitter,85,62,4,45,18,24,173,Negative
539,22,Female,Instagram,115,75,,60,17,30,218,Positive
540,28,Female,Facebook,100,40,2,22,12,25,69,Negative
541,31,Male,LinkedIn,45,30,1,9,4,10,33,Negative
542,25,Female,Instagram,150,65,6,90,26,30,116,Positive
543,29,Male,Twitter,95,92,4,50,22,22,190,Negative
544,23,Female,Facebook,105,97,2,25,12,18,219,Positive
545,35,Female,LinkedIn,60,30,1,,7,14,198,Positive
546,30,Male,Instagram,175,75,7,100,33,38,137,Positive
547,21,Female,Twitter,90,25,3,37,14,,218,Negative
548,26,Female,Facebook,75,55,2,30,12,18,143,Negative
549,32,Male,Instagram,130,85,5,80,28,31,42,Positive
550,28,Female,LinkedIn,55,20,1,12,6,10,36,Positive
551,27,Male,Instagram,165,37,6,85,30,28,16,Positive
552,,Female,Twitter,75,32,3,33,18,19,210,Negative
553,29,Male,Facebook,85,8,2,27,9,20,228,Positive
554,33,Female,,145,110,4,65,23,35,36,Negative
555,31,,LinkedIn,60,45,1,15,7,17,185,Negative
556,22,,Whatsapp,70,45,2,42,10,21,150,Negative
557,25,Male,Telegram,90,174,3,22,11,22,126,Positive
558,29,Female,Snapchat,50,30,2,18,7,18,80,Negative
559,28,Female,Twitter,95,35,4,48,22,25,51,Positive
560,27,Male,Facebook,60,40,1,12,5,15,81,Positive
561,30,Female,,175,91,6,72,30,33,157,Positive
562,23,Male,Whatsapp,70,148,3,22,10,18,197,Negative
563,34,Male,Telegram,80,40,2,,8,20,60,Positive
564,26,Female,Snapchat,120,55,4,55,18,30,24,Negative
565,25,Male,Twitter,,68,,42,14,26,100,Negative
566,29,Female,Facebook,60,25,1,12,4,12,61,Positive
567,28,Male,Instagram,165,140,5,78,23,35,77,Positive
568,,Female,Whatsapp,65,35,2,27,10,20,113,Positive
569,27,Male,Telegram,105,15,3,48,20,28,227,Negative
570,22,Female,Snapchat,75,60,2,21,8,20,233,Negative
571,24,Female,Instagram,140,103,4,65,22,30,133,Positive
572,35,Male,Twitter,70,54,1,13,8,10,183,Positive
573,21,,Facebook,55,34,3,17,7,12,44,Positive
574,29,Female,Whatsapp,90,46,2,24,12,22,70,Negative
575,25,Male,Telegram,80,50,4,,13,25,140,Positive
576,28,Female,Snapchat,115,97,3,38,18,27,109,Negative
577,32,Female,Instagram,155,115,6,75,25,38,56,Positive
578,26,Male,Twitter,75,0,2,23,12,18,142,Negative
579,33,Male,Facebook,65,35,1,13,7,14,32,Negative
580,27,Female,Whatsapp,90,55,4,37,18,20,244,Positive
581,31,Male,Telegram,,189,2,20,,12,76,Negative
582,24,Female,Snapchat,85,61,3,33,20,18,210,Positive
583,34,Female,Instagram,120,70,5,60,25,25,127,Negative
584,22,Male,Twitter,,149,1,22,7,22,220,Positive
585,29,Male,Facebook,75,30,2,20,8,20,45,Positive
586,28,Female,Whatsapp,100,70,4,37,14,26,57,Negative
587,31,Male,Telegram,85,40,3,45,20,28,141,Negative
588,21,Female,Snapchat,60,20,1,18,7,12,47,Positive
589,25,Female,Instagram,170,57,6,83,30,33,201,Positive
590,,Male,Twitter,70,0,2,30,12,20,74,Negative
591,27,Male,Facebook,50,35,1,10,4,10,211,Positive
592,32,Female,Whatsapp,105,40,4,55,25,25,232,Negative
593,24,Male,Telegram,75,60,3,37,16,22,89,Positive
594,29,Female,Snapchat,95,69,2,23,10,28,38,Negative
595,,Male,Instagram,150,69,5,,25,30,148,Negative
596,33,Female,Twitter,85,6,4,35,18,18,200,Positive
597,22,Female,Facebook,70,60,1,14,6,10,92,Positive
598,35,,Whatsapp,110,86,3,50,25,25,33,Positive
599,28,Male,Telegram,60,50,2,18,8,18,115,Negative
600,27,Female,,120,72,,40,18,22,107,Positive
601,25,Female,Instagram,120,0,5,50,20,25,237,Positive
602,30,Male,Twitter,90,45,4,30,20,22,47,Negative
603,22,Male,Facebook,60,20,2,20,10,15,208,Positive
604,28,Female,Instagram,200,191,8,110,40,,90,Negative
605,33,Male,LinkedIn,45,35,1,10,5,12,143,Positive
606,21,Male,Instagram,150,65,5,65,25,30,243,Positive
607,27,Female,Twitter,85,45,3,40,18,20,158,Negative
608,24,Female,Facebook,110,35,6,,16,25,27,Negative
609,29,,LinkedIn,55,44,2,,5,10,220,Positive
610,31,Male,Instagram,170,124,7,90,35,40,237,Positive
611,23,Female,Twitter,75,60,4,45,20,25,239,Negative
612,26,Female,Facebook,95,62,3,30,14,18,155,Negative
613,34,Male,LinkedIn,65,55,1,14,6,15,138,Positive
614,22,Female,Instagram,180,72,8,100,38,45,25,Positive
615,28,Male,Twitter,100,75,6,50,30,29,213,Negative
616,21,Female,Facebook,40,20,1,10,4,,161,Positive
617,35,Female,Instagram,125,65,5,65,22,28,139,Negative
618,27,Male,Twitter,90,128,3,40,16,24,179,Negative
619,23,Male,LinkedIn,50,40,1,,6,12,144,Positive
620,32,Female,Instagram,140,110,6,75,28,30,232,Positive
621,26,Male,Facebook,75,35,2,30,14,20,71,Negative
622,,Female,Twitter,105,91,4,35,20,23,120,Negative
623,29,,LinkedIn,60,58,2,17,8,15,96,Positive
624,33,Female,Instagram,190,111,8,105,36,50,116,Positive
625,22,Female,Twitter,70,30,3,25,16,15,131,Negative
626,31,Male,Facebook,80,0,2,20,10,20,248,Positive
627,27,,LinkedIn,55,22,1,12,5,11,237,Negative
628,25,Female,Instagram,160,26,6,85,26,30,238,Positive
629,30,Male,Twitter,90,55,4,,19,24,30,Negative
630,26,Female,Facebook,45,35,,8,4,12,27,Negative
631,,Female,LinkedIn,65,68,2,17,5,14,45,Positive
632,,,Instagram,145,100,7,80,30,35,35,Positive
633,23,Male,Twitter,70,69,3,30,,18,106,Positive
634,21,Female,,130,119,6,95,22,28,116,Negative
635,29,Male,Facebook,65,40,2,27,11,22,13,Negative
636,24,Female,LinkedIn,55,20,1,11,6,11,62,Positive
637,33,Female,Instagram,170,146,7,95,30,38,249,Positive
638,27,Male,,85,70,4,45,18,24,15,Negative
639,22,Female,Instagram,115,89,3,60,17,30,160,Positive
640,28,Female,Facebook,100,96,2,22,12,25,221,Negative
641,31,Male,,,131,1,9,4,10,102,Negative
642,25,Female,Instagram,150,95,6,90,26,30,71,Positive
643,29,Male,Twitter,95,49,4,50,22,22,67,Negative
644,23,Female,Facebook,105,15,2,25,12,18,133,Positive
645,35,Female,LinkedIn,60,50,1,15,7,14,146,Positive
646,30,Male,Instagram,175,0,7,100,33,,146,Positive
647,21,Female,Twitter,90,92,3,37,,20,47,Negative
648,26,Female,Facebook,75,30,2,30,12,18,87,Negative
649,32,Male,Instagram,130,0,5,,,31,201,Positive
650,28,Female,LinkedIn,55,44,1,12,6,10,114,Positive
651,27,Male,Instagram,165,73,6,85,30,28,154,Positive
652,24,Female,Twitter,,83,3,33,18,19,171,Negative
653,29,Male,Facebook,,90,2,27,,20,90,Positive
654,33,Female,Instagram,145,111,4,65,23,35,234,Negative
655,31,Male,LinkedIn,60,35,1,15,,17,13,Negative
656,22,Female,Whatsapp,70,4,2,42,10,21,82,Negative
657,25,Male,Telegram,90,70,3,22,,22,70,Positive
658,,,Snapchat,50,35,,18,7,18,82,Negative
659,28,Female,Twitter,95,67,4,48,22,25,99,Positive
660,27,Male,Facebook,60,40,1,12,5,15,220,Positive
661,30,Female,Instagram,,61,6,72,30,33,163,Positive
662,23,Male,,70,43,3,22,10,18,77,Negative
663,34,Male,Telegram,80,0,2,21,8,,112,Positive
664,26,Female,Snapchat,120,80,4,55,18,30,213,Negative
665,25,Male,,90,0,6,42,14,26,213,Negative
666,29,Female,Facebook,60,19,1,12,4,12,229,Positive
667,28,Male,Instagram,165,0,5,78,23,35,52,Positive
668,31,Female,Whatsapp,,68,2,,10,20,126,Positive
669,27,,Telegram,105,0,3,48,20,28,207,Negative
670,22,Female,Snapchat,,153,2,21,8,,57,Negative
671,24,,Instagram,140,53,4,65,22,30,160,Positive
672,35,Male,Twitter,70,27,1,13,8,10,26,Positive
673,21,Male,Facebook,55,25,3,,7,12,156,Positive
674,29,Female,Whatsapp,90,32,,24,12,22,77,Negative
675,25,Male,Telegram,80,35,4,30,13,25,65,Positive
676,28,Female,Snapchat,,139,3,38,18,27,174,Negative
677,32,Female,Instagram,155,47,6,75,25,38,184,Positive
678,26,Male,Twitter,75,70,2,23,12,18,196,Negative
679,,Male,Facebook,65,50,1,13,7,14,199,Negative
680,27,Female,Whatsapp,90,73,4,37,18,,114,Positive
681,31,Male,Telegram,50,255,2,20,10,,65,Negative
682,24,Female,Snapchat,85,0,3,33,20,18,181,Positive
683,34,,Instagram,120,90,5,60,25,25,166,Negative
684,,Male,Twitter,70,50,1,22,7,22,43,Positive
685,,Male,Facebook,75,52,2,20,8,20,134,Positive
686,28,Female,Whatsapp,100,145,4,37,14,26,38,Negative
687,31,Male,Telegram,85,65,3,45,20,28,56,Negative
688,21,Female,Snapchat,60,41,1,18,7,12,193,Positive
689,25,Female,Instagram,170,85,6,83,30,33,230,Positive
690,30,Male,Twitter,70,57,2,30,12,20,246,Negative
691,,Male,Facebook,50,40,1,10,4,10,47,Positive
692,32,Female,Whatsapp,105,100,4,55,25,25,241,Negative
693,24,Male,Telegram,75,45,3,37,16,22,127,Positive
694,29,Female,Snapchat,95,55,,23,10,28,24,Negative
695,26,Male,Instagram,150,118,5,70,25,30,105,Negative
696,33,Female,Twitter,85,65,4,35,18,18,81,Positive
697,22,Female,Facebook,70,44,1,14,6,10,231,Positive
698,35,Male,Whatsapp,110,87,3,50,25,25,120,Positive
699,28,Male,Telegram,60,40,2,18,8,,29,Negative
700,27,Female,Snapchat,120,56,4,40,18,22,178,Positive
701,25,Female,Instagram,120,80,5,50,,25,167,Positive
702,30,Male,Twitter,90,37,4,30,20,22,233,Negative
703,22,Male,Facebook,60,45,2,20,10,15,186,Positive
704,28,Female,Instagram,200,81,8,110,40,45,112,Negative
705,33,Male,LinkedIn,45,35,1,10,5,12,82,Positive
706,21,Male,Instagram,150,74,5,65,,30,64,Positive
707,27,Female,Twitter,85,40,3,40,,20,176,Negative
708,24,Female,Facebook,110,88,6,35,16,25,227,Negative
709,,Female,LinkedIn,55,30,2,15,5,10,87,Positive
710,,Male,Instagram,170,116,,90,35,40,26,Positive
711,23,Female,Twitter,75,52,4,45,20,25,17,Negative
712,26,Female,Facebook,95,0,3,30,14,18,17,Negative
713,34,Male,LinkedIn,65,9,1,14,6,15,38,Positive
714,22,Female,Instagram,180,51,8,100,38,45,136,Positive
715,,Male,,100,35,6,50,,29,61,Negative
716,21,Female,Facebook,40,25,1,10,,12,144,Positive
717,35,Female,Instagram,125,17,5,65,22,28,77,Negative
718,27,Male,Twitter,90,30,3,40,16,24,111,Negative
719,23,Male,LinkedIn,50,53,1,12,6,12,33,Positive
720,32,Female,Instagram,140,104,6,75,,30,46,Positive
721,26,Male,Facebook,75,21,2,30,14,20,97,Negative
722,24,,Twitter,105,60,4,35,20,23,120,Negative
723,29,Male,LinkedIn,60,47,2,17,8,15,30,Positive
724,33,Female,Instagram,190,26,8,105,36,50,206,Positive
725,22,Female,Twitter,70,55,3,25,16,15,130,Negative
726,31,Male,Facebook,80,0,2,20,10,20,201,Positive
727,27,,LinkedIn,55,35,1,12,5,11,78,Negative
728,25,Female,Instagram,160,44,6,85,26,30,235,Positive
729,30,Male,Twitter,90,40,4,43,19,24,130,Negative
730,26,Female,Facebook,45,30,1,8,4,12,189,Negative
731,34,Female,LinkedIn,65,20,2,17,5,14,117,Positive
732,28,Male,Instagram,145,68,7,80,30,35,99,Positive
733,23,Male,Twitter,70,20,3,30,14,18,164,Positive
734,21,Female,Instagram,130,100,,95,22,28,221,Negative
735,29,Male,Facebook,65,30,2,27,11,22,197,Negative
736,,Female,LinkedIn,55,20,1,11,6,11,70,Positive
737,33,Female,Instagram,170,169,,,30,38,81,Positive
738,27,Male,Twitter,85,50,4,45,18,24,49,Negative
739,22,Female,Instagram,115,52,3,60,,30,128,Positive
740,28,Female,Facebook,100,70,2,22,12,25,213,Negative
741,31,Male,LinkedIn,45,20,1,9,4,,22,Negative
742,25,Female,Instagram,150,42,6,90,26,30,126,Positive
743,29,Male,Twitter,95,60,4,50,22,22,63,Negative
744,23,Female,Facebook,105,92,2,,12,18,200,Positive
745,35,Female,LinkedIn,60,20,,15,7,,149,Positive
746,30,Male,Instagram,175,51,7,100,33,38,87,Positive
747,21,Female,Twitter,90,163,3,37,14,20,68,Negative
748,26,Female,Facebook,75,25,2,30,12,18,155,Negative
749,32,Male,Instagram,,71,5,80,28,31,86,Positive
750,28,Female,LinkedIn,55,35,1,12,,10,91,Positive
751,27,Male,Instagram,165,27,6,85,30,28,18,Positive
752,24,,Twitter,75,45,3,33,18,19,129,Negative
753,29,Male,Facebook,85,38,2,27,9,20,77,Positive
754,33,Female,,145,81,4,,23,35,228,Negative
755,31,Male,LinkedIn,60,195,1,15,7,17,101,Negative
756,22,Female,,70,45,2,42,10,,184,Negative
757,25,Male,,90,65,3,,11,22,174,Positive
758,29,Female,Snapchat,50,40,2,18,7,18,108,Negative
759,28,Female,Twitter,95,80,4,48,22,25,239,Positive
760,27,Male,Facebook,60,16,1,12,5,15,107,Positive
761,30,Female,,175,123,6,72,30,33,17,Positive
762,23,Male,Whatsapp,70,30,3,22,10,18,50,Negative
763,34,Male,Telegram,80,208,2,21,8,20,244,Positive
764,26,Female,Snapchat,120,3,4,55,18,30,122,Negative
765,25,Male,Twitter,90,76,6,42,14,26,48,Negative
766,29,Female,,60,35,1,,4,12,238,Positive
767,28,Male,Instagram,165,58,5,,23,35,140,Positive
768,31,Female,Whatsapp,65,30,2,27,10,20,194,Positive
769,27,Male,Telegram,,129,3,48,20,28,242,Negative
770,22,Female,Snapchat,75,55,2,21,8,20,111,Negative
771,24,Female,Instagram,140,100,4,65,22,30,22,Positive
772,35,Male,Twitter,70,30,,13,,10,117,Positive
773,21,Male,Facebook,55,30,3,17,,12,184,Positive
774,29,Female,,90,30,2,24,12,22,205,Negative
775,25,Male,Telegram,80,51,4,30,,,123,Positive
776,28,Female,Snapchat,115,92,3,,18,27,132,Negative
777,32,Female,Instagram,155,50,6,75,25,38,113,Positive
778,26,Male,,75,60,2,23,12,18,178,Negative
779,33,Male,Facebook,65,50,1,13,7,14,210,Negative
780,27,Female,Whatsapp,90,85,4,37,18,20,209,Positive
781,31,Male,Telegram,50,35,2,20,10,12,126,Negative
782,24,Female,Snapchat,85,45,,33,20,18,50,Positive
783,34,Female,Instagram,120,117,5,60,25,25,94,Negative
784,22,Male,Twitter,70,30,1,22,7,22,219,Positive
785,29,Male,Facebook,75,0,2,20,8,20,43,Positive
786,28,Female,Whatsapp,,58,4,,14,26,130,Negative
787,31,Male,Telegram,85,35,3,45,20,28,114,Negative
788,21,Female,Snapchat,60,42,1,18,7,12,45,Positive
789,25,Female,Instagram,170,128,6,83,30,,123,Positive
790,30,Male,Twitter,70,43,2,30,12,20,33,Negative
791,,Male,Facebook,50,0,1,10,4,,224,Positive
792,32,Female,Whatsapp,105,45,4,55,25,25,25,Negative
793,24,Male,Telegram,75,78,3,37,16,,81,Positive
794,,Female,Snapchat,95,91,2,23,,28,212,Negative
795,26,Male,Instagram,150,0,5,70,25,,219,Negative
796,33,Female,Twitter,85,71,4,35,18,18,146,Positive
797,22,Female,,70,40,,14,6,10,111,Positive
798,35,Male,Whatsapp,110,95,3,50,25,25,118,Positive
799,,Male,Telegram,60,40,2,18,8,18,17,Negative
800,27,Female,Snapchat,120,56,,40,18,22,140,Positive
801,25,Female,Instagram,120,78,5,50,20,25,205,Positive
802,30,Male,Twitter,90,60,4,30,20,22,113,Negative
803,22,Male,Facebook,60,25,2,20,10,15,239,Positive
804,28,Female,Instagram,200,169,8,110,40,45,87,Negative
805,33,Male,LinkedIn,45,0,1,10,5,12,37,Positive
806,21,Male,Instagram,150,81,5,65,25,30,150,Positive
807,27,Female,,85,70,3,40,18,20,241,Negative
808,24,Female,Facebook,110,80,6,35,,25,125,Negative
809,29,Female,LinkedIn,55,35,2,15,5,10,152,Positive
810,,Male,Instagram,170,71,7,90,,40,146,Positive
811,23,Female,Twitter,75,50,4,45,20,25,215,Negative
812,,Female,Facebook,95,0,3,30,14,18,18,Negative
813,34,Male,LinkedIn,,15,1,14,6,,10,Positive
814,22,Female,Instagram,180,119,8,100,38,45,146,Positive
815,28,Male,Twitter,100,57,6,50,30,29,82,Negative
816,21,,Facebook,40,20,1,10,4,12,193,Positive
817,35,Female,Instagram,125,74,5,65,22,28,170,Negative
818,27,,Twitter,90,40,3,,16,24,190,Negative
819,23,Male,LinkedIn,50,45,1,12,6,12,107,Positive
820,32,Female,Instagram,140,34,6,75,28,,112,Positive
821,26,Male,Facebook,75,35,2,30,14,20,13,Negative
822,24,Female,Twitter,105,75,4,35,20,23,82,Negative
823,29,,LinkedIn,60,20,2,17,8,15,49,Positive
824,33,Female,Instagram,190,136,8,105,36,50,213,Positive
825,22,Female,Twitter,70,25,3,25,16,15,169,Negative
826,31,Male,Facebook,80,153,2,20,10,20,129,Positive
827,27,Male,LinkedIn,55,20,1,12,5,11,199,Negative
828,25,Female,Instagram,160,50,6,85,26,30,180,Positive
829,30,Male,Twitter,90,30,4,43,19,,41,Negative
830,26,Female,Facebook,45,35,,8,4,12,142,Negative
831,34,Female,,65,19,2,17,5,,145,Positive
832,28,Male,Instagram,145,0,7,80,30,35,171,Positive
833,,Male,Twitter,70,50,3,30,,18,80,Positive
834,21,Female,Instagram,130,75,6,95,22,,174,Negative
835,29,Male,Facebook,65,25,2,27,11,22,227,Negative
836,24,Female,LinkedIn,55,30,1,11,6,11,228,Positive
837,,Female,Instagram,170,101,7,95,30,38,235,Positive
838,27,Male,Twitter,85,50,4,45,18,24,93,Negative
839,22,Female,Instagram,115,36,3,60,17,30,215,Positive
840,,Female,Facebook,100,105,2,22,12,,180,Negative
841,31,Male,LinkedIn,45,20,,9,,10,110,Negative
842,,Female,Instagram,150,112,6,90,26,,105,Positive
843,,Male,Twitter,95,83,4,50,,22,202,Negative
844,23,,Facebook,105,55,2,25,12,18,91,Positive
845,35,,LinkedIn,60,30,1,,7,14,241,Positive
846,30,Male,Instagram,,35,7,100,33,38,245,Positive
847,21,Female,,90,55,3,37,14,20,145,Negative
848,26,Female,Facebook,75,50,2,30,12,18,162,Negative
849,32,Male,Instagram,130,109,5,80,28,31,161,Positive
850,28,Female,LinkedIn,55,20,1,12,6,10,71,Positive
851,27,Male,Instagram,165,103,6,85,30,28,224,Positive
852,24,Female,Twitter,75,51,3,33,18,19,76,Negative
853,29,Male,,85,45,2,27,9,20,128,Positive
854,33,Female,Instagram,145,93,4,65,23,35,85,Negative
855,31,Male,LinkedIn,60,40,1,15,7,17,20,Negative
856,22,Female,Whatsapp,70,63,2,42,10,21,13,Negative
857,25,Male,Telegram,90,50,3,22,11,22,116,Positive
858,29,Female,Snapchat,50,43,2,18,7,18,195,Negative
859,28,,Twitter,,147,4,48,22,25,20,Positive
860,27,Male,Facebook,60,35,1,12,5,15,193,Positive
861,30,Female,Instagram,175,61,6,72,30,33,32,Positive
862,23,Male,Whatsapp,70,22,3,22,10,18,94,Negative
863,34,Male,Telegram,80,60,2,,8,20,15,Positive
864,26,Female,Snapchat,120,96,4,55,18,30,125,Negative
865,25,Male,Twitter,90,57,6,42,14,26,181,Negative
866,29,Female,Facebook,60,65,1,12,4,12,94,Positive
867,28,Male,Instagram,165,154,5,,23,35,16,Positive
868,31,Female,Whatsapp,65,45,2,27,10,20,73,Positive
869,27,,Telegram,105,33,3,48,20,28,116,Negative
870,22,Female,Snapchat,75,30,2,21,8,20,228,Negative
871,24,Female,Instagram,140,45,4,65,22,30,177,Positive
872,35,Male,,70,45,1,13,8,10,219,Positive
873,21,Male,Facebook,55,15,3,17,7,,237,Positive
874,29,Female,Whatsapp,90,54,,24,12,22,246,Negative
875,,Male,,80,13,4,30,13,25,206,Positive
876,28,Female,Snapchat,115,70,3,38,18,27,141,Negative
877,32,Female,Instagram,155,68,6,75,25,38,63,Positive
878,26,Male,Twitter,75,45,2,23,12,18,92,Negative
879,33,Male,Facebook,65,55,1,,,,181,Negative
880,27,Female,Whatsapp,90,60,4,37,18,20,57,Positive
881,31,Male,Telegram,50,49,2,20,10,12,210,Negative
882,24,Female,Snapchat,85,31,3,,20,18,75,Positive
883,34,Female,Instagram,120,130,5,,25,25,56,Negative
884,22,Male,Twitter,70,45,1,22,7,22,152,Positive
885,29,Male,Facebook,,139,2,20,8,20,136,Positive
886,28,Female,Whatsapp,100,21,4,37,14,26,41,Negative
887,31,Male,Telegram,85,64,3,45,20,28,206,Negative
888,21,Female,Snapchat,60,30,1,18,7,12,53,Positive
889,25,Female,Instagram,170,112,6,83,,33,165,Positive
890,30,Male,Twitter,70,154,,30,12,20,212,Negative
891,27,,Facebook,50,35,1,10,4,10,243,Positive
892,32,,Whatsapp,105,60,4,,25,25,45,Negative
893,24,Male,Telegram,75,57,3,37,16,22,43,Positive
894,29,Female,Snapchat,95,84,2,23,10,28,107,Negative
895,26,Male,Instagram,150,107,5,70,25,30,163,Negative
896,,Female,Twitter,85,50,4,35,18,18,26,Positive
897,22,Female,Facebook,70,55,1,14,6,10,33,Positive
898,35,,Whatsapp,110,85,3,50,25,25,68,Positive
899,28,,Telegram,60,30,2,18,8,18,18,Negative
900,27,,Snapchat,120,113,4,40,18,22,128,Positive
901,25,Female,Instagram,120,80,5,50,20,25,92,Positive
902,30,Male,Twitter,90,75,4,30,20,22,138,Negative
903,22,Male,Facebook,60,50,2,20,10,15,108,Positive
904,28,Female,Instagram,,223,8,110,40,,71,Negative
905,33,Male,LinkedIn,45,20,1,,5,12,19,Positive
906,21,,Instagram,150,107,5,65,25,30,222,Positive
907,27,Female,Twitter,85,57,3,40,18,20,139,Negative
908,24,Female,Facebook,110,25,6,35,,25,74,Negative
909,29,Female,LinkedIn,55,20,2,15,5,10,147,Positive
910,31,Male,Instagram,170,157,7,90,35,40,203,Positive
911,23,,Twitter,75,25,4,45,,25,31,Negative
912,26,Female,Facebook,95,30,3,30,14,18,179,Negative
913,,Male,LinkedIn,65,25,1,14,6,15,62,Positive
914,22,Female,Instagram,180,87,8,100,38,,212,Positive
915,28,Male,Twitter,100,70,6,,30,29,53,Negative
916,21,Female,Facebook,40,0,1,,4,12,46,Positive
917,35,Female,Instagram,125,0,5,65,22,28,114,Negative
918,27,Male,Twitter,,0,3,40,16,24,217,Negative
919,23,Male,LinkedIn,50,15,1,12,6,12,136,Positive
920,32,Female,Instagram,140,84,6,75,28,30,72,Positive
921,26,Male,Facebook,75,35,2,30,14,20,15,Negative
922,24,,Twitter,105,93,,35,20,23,144,Negative
923,29,Male,,60,119,2,17,8,15,101,Positive
924,33,Female,Instagram,190,84,8,105,36,50,229,Positive
925,22,Female,Twitter,70,64,3,25,16,15,18,Negative
926,31,Male,Facebook,80,31,2,20,10,20,155,Positive
927,27,Male,LinkedIn,55,40,1,12,5,11,195,Negative
928,25,Female,Instagram,160,88,6,85,26,30,176,Positive
929,30,Male,Twitter,90,33,4,43,19,24,235,Negative
930,26,Female,Facebook,45,15,1,,,12,70,Negative
931,34,Female,LinkedIn,65,32,2,17,5,14,100,Positive
932,28,Male,Instagram,145,44,7,80,30,35,53,Positive
933,23,Male,Twitter,70,157,3,30,14,18,94,Positive
934,21,Female,Instagram,130,110,6,95,22,28,55,Negative
935,29,Male,Facebook,65,50,2,27,11,22,234,Negative
936,24,Female,LinkedIn,55,39,1,11,,11,132,Positive
937,33,Female,Instagram,170,59,7,95,30,38,103,Positive
938,27,Male,Twitter,85,40,4,45,18,24,100,Negative
939,22,Female,Instagram,115,53,3,60,17,30,121,Positive
940,28,Female,Facebook,100,56,2,22,12,25,160,Negative
941,31,Male,LinkedIn,45,15,1,9,4,10,84,Negative
942,25,Female,Instagram,150,100,6,,26,30,158,Positive
943,,Male,Twitter,95,60,4,50,22,22,240,Negative
944,23,Female,Facebook,105,102,2,25,12,18,142,Positive
945,35,Female,LinkedIn,60,57,1,15,7,14,78,Positive
946,30,Male,Instagram,175,110,7,100,33,38,218,Positive
947,21,Female,Twitter,90,70,3,37,14,,143,Negative
948,26,Female,Facebook,75,55,2,30,12,18,98,Negative
949,32,Male,Instagram,130,78,5,80,28,31,67,Positive
950,,Female,LinkedIn,55,40,,12,6,10,65,Positive
951,27,Male,Instagram,,196,6,,30,28,171,Positive
952,24,Female,Twitter,75,0,3,33,18,19,85,Negative
953,,Male,Facebook,85,40,2,27,,20,189,Positive
954,33,Female,Instagram,145,5,4,65,23,35,244,Negative
955,31,Male,LinkedIn,60,25,1,15,7,17,192,Negative
956,22,Female,Whatsapp,70,50,2,42,10,21,135,Negative
957,25,Male,Telegram,90,65,3,22,,22,74,Positive
958,29,Female,Snapchat,50,40,2,18,7,18,193,Negative
959,28,Female,Twitter,95,33,4,48,,25,115,Positive
960,27,Male,Facebook,60,30,1,12,5,15,129,Positive
961,30,Female,Instagram,175,7,6,72,30,33,237,Positive
962,23,Male,Whatsapp,70,35,3,22,10,18,196,Negative
963,34,Male,Telegram,80,60,2,21,,20,79,Positive
964,26,,Snapchat,120,112,4,55,18,,216,Negative
965,25,Male,Twitter,90,45,6,42,14,26,157,Negative
966,29,Female,Facebook,60,50,1,,4,12,98,Positive
967,28,Male,Instagram,165,84,5,78,23,35,155,Positive
968,31,Female,Whatsapp,65,50,2,27,10,20,34,Positive
969,27,Male,Telegram,105,10,3,48,20,28,80,Negative
970,22,Female,Snapchat,75,40,2,21,8,20,40,Negative
971,,Female,Instagram,140,54,4,65,22,30,165,Positive
972,35,Male,Twitter,70,50,1,13,,10,174,Positive
973,21,Male,Facebook,55,74,3,17,,12,63,Positive
974,29,Female,Whatsapp,90,86,2,24,,22,137,Negative
975,25,Male,Telegram,80,80,4,30,13,25,136,Positive
976,28,Female,Snapchat,115,48,3,38,,27,47,Negative
977,32,Female,Instagram,,120,6,75,25,38,182,Positive
978,,Male,Twitter,75,55,2,23,,18,92,Negative
979,33,Male,Facebook,65,35,1,13,7,14,51,Negative
980,27,Female,Whatsapp,90,67,4,37,18,20,144,Positive
981,31,,Telegram,50,20,2,20,10,12,51,Negative
982,24,Female,Snapchat,85,70,3,33,20,18,245,Positive
983,34,Female,Instagram,120,102,5,60,25,25,102,Negative
984,22,Male,Twitter,70,66,1,22,7,,86,Positive
985,,,Facebook,75,106,2,20,8,20,190,Positive
986,28,Female,,100,60,4,,14,26,227,Negative
987,31,Male,Telegram,85,76,3,45,20,28,112,Negative
988,21,,Snapchat,60,0,1,18,7,12,170,Positive
989,25,,Instagram,170,29,6,83,30,33,97,Positive
990,30,Male,,70,55,2,30,12,20,150,Negative
991,27,Male,Facebook,50,40,1,10,4,10,244,Positive
992,32,Female,Whatsapp,105,50,4,55,25,25,148,Negative
993,24,,Telegram,75,64,3,,16,22,34,Positive
994,29,Female,Snapchat,95,75,2,23,10,28,153,Negative
995,,Male,Instagram,150,85,5,70,25,30,71,Negative
996,33,Female,Twitter,85,23,4,35,18,18,218,Positive
997,22,Female,Facebook,70,35,1,14,6,10,96,Positive
998,35,Male,Whatsapp,110,110,3,50,25,25,79,Positive
999,28,Male,Telegram,60,33,2,,8,18,228,Negative
1000,27,Female,Snapchat,120,103,4,,18,22,126,Positive

